coverage,risk_tier,records,observed_pure_premium,predicted_frequency,predicted_severity,tier_base_pure_premium,technical_premium
Additional Living Expense,1,3570,240.79140851134454,0.053279615114417936,4095.86593325564,248.54983873822667,355.07119819746663
Additional Living Expense,2,1797,299.612366789872,0.051285646809352554,4768.751985478703,277.73888466338747,396.7698352334106
Additional Living Expense,3,2632,354.2430244818389,0.0510097160888714,5325.346080302347,306.86039180796394,438.3719882970913
Guest Medical,1,3570,348.2433928577871,0.02285035111415624,12345.508030324789,330.60038475907214,472.28626394153156
Guest Medical,2,1797,448.6512363362827,0.02471091481830047,14617.751601932248,420.5439940743962,600.7771343919945
Guest Medical,3,2632,433.0280478858283,0.021248298308740227,15981.957421115494,396.4471659237454,566.3530941767791
Liability,1,3570,68.57287744322129,0.008318612500507243,6226.875542591608,58.00016247255189,82.8573749607884
Liability,2,1797,49.267041372342796,0.0091999319543761,5995.982257222922,60.13490092731534,85.9070013247362
Liability,3,2632,80.83991213894376,0.008345558713704675,7819.804143247367,71.3190811399214,101.88440162845913
Personal Property,1,3570,100.00570556129972,0.10310570500174339,838.3413391528014,97.22788564548915,138.89697949355593
Personal Property,2,1797,107.5334618126878,0.09521305637240188,994.6342012052407,105.69306650996243,150.99009501423203
Personal Property,3,2632,97.57918602843465,0.07762168113259585,1047.8625998353946,91.09206325641513,130.13151893773588
