monitoring_variable,coverage,group,records,claims,observed_frequency,observed_frequency_ci_low,observed_frequency_ci_high,observed_pure_premium,observed_pure_premium_ci_low,observed_pure_premium_ci_high,predicted_pure_premium,predicted_pure_premium_ci_low,predicted_pure_premium_ci_high,average_technical_premium,small_group_flag
gender,Additional Living Expense,Did not respond,54,7,0.12962962962962962,0.06423720747326257,0.2442173022236977,899.8002122407407,218.81929092592594,1764.3187097990733,343.319199302899,242.55809131554722,460.22805286475267,490.4559990041413,True
gender,Additional Living Expense,Female,894,48,0.053691275167785234,0.04073364513979569,0.07046801283647429,354.51928837494404,223.06735499921703,497.23579649540824,290.0813805370878,270.09843039494,311.02470537870977,414.40197219583973,False
gender,Additional Living Expense,Male,906,35,0.03863134657836645,0.027906508133470682,0.053252091647643864,199.48230920419425,127.82069855115894,282.6583026835264,279.6448819007944,262.71073332444445,296.66017108135765,399.49268842970633,False
gender,Additional Living Expense,Other,147,6,0.04081632653061224,0.018838561435727368,0.08618202736356909,235.78413595238095,60.43832889795919,473.70209257023805,287.7569948983833,242.96023996798576,339.499532927242,411.08142128340467,False
gender,Guest Medical,Did not respond,54,0,0.0,0.0,0.0664135880908964,0.0,0.0,0.0,445.17782303382296,304.88905443392133,615.4859334939692,635.968318619747,True
gender,Guest Medical,Female,894,23,0.025727069351230425,0.017203530953180772,0.038309007848670036,340.34617318008947,162.0050678517114,540.3618705395803,384.9359082441131,353.426422075936,416.27156125607246,549.9084403487328,False
gender,Guest Medical,Male,906,20,0.02207505518763797,0.014334951416160513,0.033850870845137576,269.8953490706402,132.2797834333886,445.87489016956374,374.12161498127114,348.52868285103165,401.5370757412413,534.4594499732445,False
gender,Guest Medical,Other,147,3,0.02040816326530612,0.0069645133345185885,0.058279212744746595,901.8532344353742,0.0,2592.0896697278913,429.983565985495,352.9447822344449,517.6416018956265,614.2622371221355,False
gender,Liability,Did not respond,54,0,0.0,0.0,0.0664135880908964,0.0,0.0,0.0,66.9683511063503,60.197969405189134,74.48971213277159,95.66907300907185,True
gender,Liability,Female,894,6,0.006711409395973154,0.003079422614796409,0.014564515148449367,72.62951612080538,18.049550864149907,143.11671764121922,65.49528687664612,63.85831563171437,67.12937100112914,93.56469553806586,False
gender,Liability,Male,906,8,0.008830022075055188,0.004480968746863457,0.017326631498581456,63.36112179470199,19.875817536230684,119.26846042541389,64.7886488632003,63.39598250065576,66.22267714232203,92.55521266171469,False
gender,Liability,Other,147,4,0.027210884353741496,0.010631557432044515,0.06787112288723109,469.1574927482993,17.318916829931975,1105.747208707483,65.95879282197859,62.55836527113074,69.764418085863,94.22684688854086,False
gender,Personal Property,Did not respond,54,6,0.1111111111111111,0.051930224969995484,0.2219470102118128,163.3756952,34.03709275,320.5794662743055,114.18282609064983,86.46605880723594,146.3656807069088,163.11832298664265,True
gender,Personal Property,Female,894,81,0.09060402684563758,0.07349831578722552,0.11121297949927775,99.81606051978747,72.75209291967282,127.14884641988787,101.8165108729648,95.49946569787006,108.25968313898112,145.45215838994972,False
gender,Personal Property,Male,906,78,0.08609271523178808,0.06953035177021126,0.10615021023437717,84.57598969679913,64.4613737104553,107.23488600361479,98.69090120515872,93.34347152587478,104.29502247302513,140.98700172165528,False
gender,Personal Property,Other,147,14,0.09523809523809523,0.057580719706139864,0.15351150301323996,93.12872146054423,40.7670145339796,153.94684118887739,104.6190065018806,89.8550114384506,120.9431732525969,149.45572357411513,False
greek,Additional Living Expense,Greek,405,39,0.0962962962962963,0.07124409907818983,0.1289348628518609,832.6047210987655,539.7575822514198,1175.7490384873447,734.2217218493993,700.9351605282742,768.5030349039918,1048.8881740705701,False
greek,Additional Living Expense,Non-greek,1596,57,0.03571428571428571,0.02766747448400591,0.045990735941144396,152.70412490426065,106.54132533715226,199.12749052597113,173.0393075599552,168.92870108609213,176.97620648646904,247.19901079993593,False
greek,Guest Medical,Greek,405,14,0.0345679012345679,0.02070113284826028,0.05718103426987156,1010.35275605679,395.76671677376544,1813.7026073070983,869.5466267046338,809.7911357393074,930.8785756961025,1242.209466720905,False
greek,Guest Medical,Non-greek,1596,32,0.020050125313283207,0.014237919682568854,0.02816719392831527,170.535228283208,92.83218683482144,271.55159015535713,262.0098295561318,247.88270482027602,276.13482293679806,374.29975650875963,False
greek,Liability,Greek,405,9,0.022222222222222223,0.011734357354177456,0.04168845080157063,270.34384041481485,85.5673094574074,518.3906609169753,92.92271952372319,90.01252404692707,95.95241679526497,132.7467421767474,False
greek,Liability,Non-greek,1596,9,0.005639097744360902,0.0029695776447123345,0.010682686897046899,51.26119036591479,17.096874715131584,91.79458773596484,58.22671330529259,57.634309366899124,58.835236443719275,83.18101900756082,False
greek,Personal Property,Greek,405,55,0.13580246913580246,0.10584150184366813,0.1726074087660106,208.11305693925925,152.08982121765433,276.2710994841358,251.1401435194657,241.82405555720888,260.97944029978106,358.7716335992367,False
greek,Personal Property,Non-greek,1596,124,0.07769423558897243,0.0655519089963841,0.09186460089099957,65.21793628138471,51.75775428995943,79.47166285519579,62.826457175183116,61.58092569286099,64.05927997540743,89.75208167883302,False
