student_id,predicted_total_expected_loss,total_technical_premium,actual_total_loss,number_of_coverages
8,473.73215114474635,676.7602159210662,0.0,4
16,312.7053676418228,446.7219537740326,0.0,4
31,1247.016989329324,1781.4528418990337,0.0,4
49,368.04264381418477,525.7752054488353,0.0,4
56,272.2797196816546,388.97102811664945,0.0,4
67,456.75040025962744,652.5005717994677,6999.818933,4
83,1473.7030904524229,2105.2901292177467,0.0,4
98,187.99196559747315,268.55995085353305,0.0,4
102,1617.7253398217763,2311.0361997453947,703.7562792,4
115,271.25996977505196,387.51424253578847,0.0,4
123,376.6154069434066,538.0220099191523,0.0,4
129,189.92816990276813,271.32595700395444,0.0,4
132,937.9247470268149,1339.8924957525926,1647.677382,4
133,1738.4991307014611,2483.570186716373,0.0,4
139,248.6593684488941,355.2276692127058,0.0,4
146,197.2615008280046,281.80214404000657,0.0,4
148,1465.969525583469,2094.2421794049556,0.0,4
149,1001.6121721544062,1430.8745316491515,0.0,4
152,202.25670891898108,288.93815559854437,0.0,4
155,939.2804219371634,1341.8291741959474,0.0,4
161,257.07704587639836,367.25292268056904,0.0,4
164,251.4376594324846,359.1966563321208,0.0,4
165,1030.0547569027958,1471.5067955754223,4674.395652,4
168,3063.71819532912,4376.7402790416,0.0,4
169,478.53175244603875,683.6167892086268,0.0,4
177,731.5914336704067,1045.1306195291525,0.0,4
180,536.3579728445441,766.2256754922058,944.2282183,4
183,439.8740672480105,628.391524640015,0.0,4
185,280.0785493602283,400.1122133717547,0.0,4
187,632.7678161484571,903.9540230692244,0.0,4
188,334.476600666924,477.82371523846285,0.0,4
191,178.88458826533665,255.54941180762376,327.4565204,4
210,5330.625957822145,7615.179939745922,15225.31313,4
218,280.07947651415884,400.1135378773697,0.0,4
228,542.9119684984689,775.5885264263841,0.0,4
233,658.3249321011455,940.4641887159221,0.0,4
236,588.0811374195997,840.115910599428,0.0,4
237,1422.7562808688763,2032.508972669823,0.0,4
238,588.3695807262934,840.5279724661334,0.0,4
243,431.1969085722486,615.9955836746408,0.0,4
254,828.8485078423396,1184.069296917628,0.0,4
256,341.50047686677067,487.8578240953866,0.0,4
262,1175.2172827247934,1678.8818324639906,0.0,4
271,256.6943826942787,366.70626099182675,2348.726788,4
272,296.0734865300015,422.9621236142878,0.0,4
275,1489.506788266611,2127.866840380873,0.0,4
279,721.5400258365272,1030.771465480753,0.0,4
283,3772.697454905857,5389.567792722652,43958.411914,4
295,274.16057375215183,391.65796250307403,6517.9323022,4
299,1698.1493847282156,2425.9276924688793,0.0,4
302,535.6174830104865,765.1678328721234,0.0,4
306,530.5518495239869,757.9312136056956,0.0,4
307,669.0563238749819,955.7947483928311,0.0,4
310,342.3042564664354,489.0060806663363,0.0,4
312,611.9201080826199,874.1715829751711,0.0,4
316,3482.602633065225,4975.146618664607,2228.849502,4
319,557.9534850469505,797.0764072099292,0.0,4
327,237.78096818889665,339.6870974127095,0.0,4
330,551.6691032934289,788.0987189906126,5147.893874,4
335,944.8967663868618,1349.8525234098024,0.0,4
342,465.75216534474305,665.3602362067758,0.0,4
343,1169.3620905948549,1670.517272278364,0.0,4
351,987.8266561968485,1411.1809374240693,0.0,4
353,794.7516989789465,1135.3595699699235,0.0,4
354,812.2206998629208,1160.315285518458,0.0,4
357,1548.0481571504763,2211.497367357823,0.0,4
360,684.6929972924668,978.1328532749526,0.0,4
369,499.70447625967245,713.8635375138177,0.0,4
375,334.4080833572587,477.7258333675124,612.2625956,4
385,188.25167910093847,268.9309701441978,0.0,4
395,1166.5424608155888,1666.4892297365554,0.0,4
401,534.5365691354815,763.6236701935449,0.0,4
403,1932.80655460617,2761.1522208659567,0.0,4
416,1567.7909106024026,2239.701300860575,0.0,4
434,2049.4508713524497,2927.786959074928,2341.579794,4
438,233.54492313450393,333.6356044778627,0.0,4
439,714.2049205370804,1020.2927436244005,7861.345541,4
442,1252.1123654037085,1788.7319505767264,0.0,4
443,438.7282303586203,626.7546147980289,0.0,4
456,287.99907901531606,411.42725573616576,0.0,4
459,299.9655252772797,428.5221789675424,0.0,4
463,431.6508837214119,616.644119602017,0.0,4
465,792.0845415758529,1131.5493451083612,6484.504071,4
473,2288.107810333316,3268.7254433333082,0.0,4
474,1273.4629546747806,1819.2327923925434,0.0,4
475,834.3691445808583,1191.9559208297974,0.0,4
477,205.17400989850586,293.10572842643694,0.0,4
490,1301.3832125649678,1859.1188750928109,0.0,4
492,700.161841187563,1000.2312016965185,0.0,4
496,353.3844354276309,504.8349077537584,0.0,4
499,231.08545069471646,330.1220724210235,0.0,4
501,921.4543052058106,1316.363293151158,1479.806026,4
513,764.3251138196119,1091.8930197423026,1078.189032,4
537,527.248633335168,753.2123333359543,0.0,4
538,606.9462558701277,867.0660798144681,0.0,4
542,250.010244583674,357.1574922623914,0.0,4
543,388.3894374149651,554.8420534499501,0.0,4
546,328.89281336097395,469.84687622996273,0.0,4
551,383.5037836992832,547.862548141833,2657.128927,4
560,386.3493356984031,551.9276224262901,201.535271,4
562,5128.509895553049,7326.442707932927,0.0,4
563,205.3532664145776,293.36180916368227,0.0,4
572,1902.957806383815,2718.5111519768784,0.0,4
594,1314.066744837869,1877.2382069112412,0.0,4
599,1018.1097013223871,1454.442430460553,0.0,4
600,504.2057959855657,720.2939942650938,0.0,4
602,1313.074942678344,1875.8213466833486,4363.8942339000005,4
604,571.8318972854406,816.9027104077722,0.0,4
611,4144.136609909592,5920.195157013703,0.0,4
617,516.1967256243228,737.4238937490325,0.0,4
618,413.04360220671396,590.0622888667342,0.0,4
620,1262.7168750774838,1803.881250110691,2090.333892,4
636,482.58004098884055,689.4000585554865,982.2216998,4
640,2594.2817729209382,3706.1168184584826,0.0,4
644,497.8288446727754,711.1840638182505,0.0,4
651,1433.4543187275908,2047.7918838965581,0.0,4
655,445.8222658639719,636.8889512342455,0.0,4
659,320.643304444333,458.06186349190426,0.0,4
662,349.36972526444276,499.09960752063245,2757.064423,4
665,238.37021137297205,340.52887338996004,0.0,4
673,630.0223105857309,900.0318722653298,0.0,4
676,1512.8751172916388,2161.250167559484,0.0,4
679,1454.5508602094292,2077.929800299184,0.0,4
680,822.2888688458754,1174.6983840655364,0.0,4
683,550.9741719816406,787.1059599737721,0.0,4
688,652.3231402904797,931.890200414971,0.0,4
692,579.3018317115666,827.5740453022379,0.0,4
694,950.6120024891809,1358.0171464131154,0.0,4
697,1478.8079468468015,2112.5827812097164,18357.98615,4
700,314.69585217094743,449.5655031013534,1095.681524,4
703,209.45827173301637,299.22610247573766,1079.551347,4
704,389.2475779978299,556.0679685683285,0.0,4
705,573.2516423909223,818.9309177013174,525.9926602,4
718,2640.050644298995,3771.500920427135,6821.430778,4
719,485.38415315379706,693.4059330768529,0.0,4
724,573.2384745295022,818.9121064707174,9002.891929,4
727,733.5051642676564,1047.8645203823662,0.0,4
729,314.00238744388787,448.57483920555404,0.0,4
731,193.08999441576654,275.84284916538076,0.0,4
742,677.4507572371715,967.7867960531021,0.0,4
747,685.8354239262144,979.7648913231633,0.0,4
749,1146.1504742345014,1637.3578203350019,0.0,4
755,221.37188826667546,316.2455546666792,0.0,4
767,460.408431488367,657.7263306976671,0.0,4
771,912.0299552862134,1302.8999361231618,0.0,4
777,244.22449005533724,348.89212865048177,0.0,4
781,294.1630496107194,420.23292801531335,11547.34728,4
782,678.7713226511994,969.6733180731419,0.0,4
786,499.74264531408306,713.9180647344043,0.0,4
788,189.84849981371462,271.2121425910209,0.0,4
790,372.55025425124154,532.214648930345,0.0,4
798,802.6400360632507,1146.6286229475008,9763.473426,4
799,1549.813402109465,2214.019145870664,17817.91071,4
801,993.3346832655168,1419.0495475221667,0.0,4
803,2039.617125158502,2913.738750226431,0.0,4
804,339.11445131087856,484.4492161583979,0.0,4
811,2304.472701499783,3292.103859285404,698.3462449,4
814,231.91397618156535,331.305680259379,0.0,4
817,332.72304243183095,475.3186320454727,0.0,4
819,585.0223858616243,835.7462655166062,0.0,4
824,443.90045157274807,634.1435022467829,0.0,4
825,599.8157970519399,856.8797100741998,0.0,4
830,978.9874817806565,1398.5535454009378,0.0,4
834,244.0558788390432,348.6512554843474,0.0,4
838,263.5554659272825,376.5078084675464,0.0,4
846,495.3778982245098,707.6827117492996,0.0,4
848,507.5674287953464,725.0963268504947,660.8341985,4
849,223.25442431448604,318.93489187783723,0.0,4
851,1381.4492403229708,1973.4989147471013,0.0,4
857,335.2944709412196,478.99210134459935,0.0,4
858,1687.0461640530236,2410.0659486471764,0.0,4
860,4086.432138212545,5837.760197446492,16164.84404,4
872,1319.6852668133622,1885.2646668762318,432.3201251,4
874,666.4920030485893,952.1314329265559,0.0,4
877,1795.658508134535,2565.2264401921925,0.0,4
878,498.03730973085584,711.4818710440798,0.0,4
880,399.75311043483606,571.0758720497657,0.0,4
882,233.70109234194211,333.85870334563157,2580.311887,4
883,966.5534712562923,1380.7906732232746,0.0,4
884,334.44131798195014,477.7733114027859,7808.91528,4
889,1363.0626245666465,1947.2323208094947,0.0,4
896,249.88391030135156,356.97701471621644,2292.157292,4
901,952.5396668580308,1360.7709526543297,0.0,4
907,222.44511574897817,317.77873678425453,0.0,4
925,279.49570567390464,399.27957953414943,0.0,4
935,1445.5798255424277,2065.114036489182,0.0,4
940,468.6668603702519,669.524086243217,0.0,4
946,1277.379310957765,1824.8275870825214,0.0,4
947,980.569768005582,1400.8139542936885,1896.088368,4
950,508.82769200113864,726.8967028587695,16667.36867,4
957,255.3374441190071,364.7677773128672,0.0,4
959,1664.9601098746423,2378.5144426780603,5618.044308,4
962,690.6299713931475,986.6142448473533,0.0,4
974,447.25664889759656,638.9380698537093,0.0,4
975,940.5611418789397,1343.6587741127707,0.0,4
977,1424.3113305705094,2034.7304722435847,0.0,4
978,535.8141465486428,765.4487807837754,11931.44938,4
981,403.4976772369988,576.4252531957125,0.0,4
988,665.2606564199325,950.3723663141892,0.0,4
992,244.74076224263865,349.6296603466266,0.0,4
993,1221.2217619599794,1744.6025170856847,5368.969695,4
995,523.1722360639155,747.3889086627364,528.5250494,4
996,657.5557057693183,939.3652939561689,0.0,4
999,178.55588895836706,255.07984136909576,0.0,4
1008,203.4986507861037,290.7123582658624,0.0,4
1009,532.5600937657571,760.8001339510814,0.0,4
1015,996.4947712848385,1423.5639589783405,34986.66519,4
1021,667.7585806733117,953.9408295333023,0.0,4
1025,214.26151130295386,306.08787328993407,0.0,4
1032,901.7219497504676,1288.1742139292394,0.0,4
1041,333.1177458476005,475.88249406800065,691.1649271,4
1042,584.9415656672043,835.630808096006,0.0,4
1044,1580.6718767249986,2258.102681035712,0.0,4
1048,325.19869214769756,464.5695602109965,0.0,4
1050,301.86019121062526,431.22884458660747,0.0,4
1053,203.24979560270205,290.3568508610029,0.0,4
1055,924.6577445722978,1320.9396351032824,0.0,4
1056,395.61043054796045,565.1577579256577,0.0,4
1058,1567.9583998311118,2239.9405711873023,0.0,4
1068,251.89524669405057,359.8503524200722,0.0,4
1070,605.9094804881745,865.5849721259635,0.0,4
1075,678.0057154976198,968.5795935680281,0.0,4
1076,421.2318454959103,601.7597792798719,0.0,4
1087,1761.4171779252235,2516.3102541788903,0.0,4
1112,3324.5113975923778,4749.301996560539,0.0,4
1113,961.0103723619341,1372.8719605170486,0.0,4
1115,1129.5995908867883,1613.71370126684,0.0,4
1127,411.70585406771033,588.151220096729,0.0,4
1133,1577.9586305129392,2254.226615018484,0.0,4
1134,549.3414189437935,784.7734556339907,0.0,4
1149,378.2026916768114,540.2895595383019,0.0,4
1152,351.7553093781061,502.5075848258658,1834.507981,4
1153,323.86999885888076,462.6714269412582,0.0,4
1158,210.62866238801143,300.89808912573056,0.0,4
1160,1096.0700147865434,1565.814306837919,2981.030245,4
1165,293.59917191412643,419.42738844875197,0.0,4
1171,521.8683458890071,745.5262084128672,0.0,4
1173,228.90383534839526,327.005479069136,0.0,4
1187,591.9995173547379,845.7135962210541,0.0,4
1192,207.4415162056029,296.34502315086127,0.0,4
1193,5020.279980191898,7171.828543131282,0.0,4
1199,329.45446032888685,470.6492290412669,0.0,4
1203,1050.8363832316047,1501.1948331880067,6893.8900231,4
1208,3230.6119512353853,4615.159930336265,0.0,4
1214,256.62234642482946,366.6033520354706,0.0,4
1217,1570.413189339689,2243.447413342413,0.0,4
1221,275.03971956053306,392.9138850864757,0.0,4
1223,226.40030111703138,323.4290015957591,0.0,4
1228,475.83222010371566,679.7603144338794,0.0,4
1230,233.59164957909894,333.7023565415699,361.3040502,4
1237,437.79974500291866,625.4282071470266,0.0,4
1238,939.7590402158119,1342.5129145940168,653.1286397,4
1246,509.08596696991486,727.2656670998783,0.0,4
1253,292.81241666153977,418.3034523736282,0.0,4
1256,389.4165489878304,556.3093556969005,0.0,4
1260,1121.668858735634,1602.3840839080485,0.0,4
1271,1830.7970873493946,2615.424410499135,0.0,4
1285,2799.76641163005,3999.666302328642,0.0,4
1291,1973.3596134933243,2819.0851621333204,0.0,4
1292,308.3689616658842,440.52708809412024,0.0,4
1296,1652.0626872621394,2360.0895532316276,0.0,4
1300,208.8442710372781,298.34895862468295,0.0,4
1302,277.80325908791735,396.8617986970247,0.0,4
1309,911.1659732461585,1301.6656760659405,0.0,4
1316,449.9456673360912,642.7795247658445,0.0,4
1318,526.2997370123371,751.8567671604815,1047.404171,4
1325,717.4630535396889,1024.9472193424126,0.0,4
1329,2221.8495193415197,3174.0707419164564,0.0,4
1332,432.62344982525104,618.0334997503585,0.0,4
1337,334.9843452997412,478.54906471391604,0.0,4
1342,341.16536485917317,487.3790926559616,0.0,4
1346,776.7252732310756,1109.6075331872507,0.0,4
1349,699.9091759947785,999.8702514211121,0.0,4
1351,362.7211744938785,518.1731064198264,0.0,4
1356,656.426073387254,937.7515334103628,0.0,4
1357,286.55305658648285,409.36150940926115,228.7173683,4
1360,1616.7334627374223,2309.6192324820317,982.4943343,4
1371,498.78637261128597,712.5519608732657,474.0219405,4
1385,1187.6236728632953,1696.6052469475644,2291.33354,4
1388,1188.2111925723689,1697.4445608176698,759.7999276,4
1392,1182.6788550056208,1689.5412214366008,0.0,4
1406,207.86842321393965,296.954890305628,0.0,4
1415,647.139766916473,924.4853813092471,0.0,4
1418,372.27135052610765,531.8162150372966,0.0,4
1420,612.9525721386436,875.6465316266336,0.0,4
1425,271.1836438225948,387.40520546084963,0.0,4
1429,355.03319461373593,507.1902780196227,0.0,4
1430,243.794336532339,348.2776236176271,0.0,4
1433,197.28448066135525,281.8349723733646,0.0,4
1434,304.9873704184645,435.69624345494924,3075.596951,4
1439,351.4455918767958,502.0651312525654,0.0,4
1446,1583.8397980757761,2262.628282965394,0.0,4
1450,324.3601812650187,463.3716875214552,0.0,4
1451,296.8377592325354,424.0539417607648,0.0,4
1455,176.22483305268923,251.74976150384174,6679.2297,4
1465,398.5639345096245,569.3770492994636,0.0,4
1468,955.7539395182682,1365.362770740383,0.0,4
1471,255.29365259369428,364.7052179909918,0.0,4
1473,2247.38108388391,3210.5444055484422,0.0,4
1475,1430.3563684373303,2043.3662406247572,0.0,4
1478,1666.894669390048,2381.27809912864,0.0,4
1483,870.6754604470186,1243.8220863528836,0.0,4
1486,584.8071070958124,835.4387244225891,0.0,4
1488,213.50447632510773,305.00639475015385,0.0,4
1489,602.4131332053108,860.590190293301,0.0,4
1496,1206.5911259219804,1723.701608459972,0.0,4
1503,226.64319309921945,323.77599014174206,0.0,4
1508,598.4554066147413,854.9362951639159,0.0,4
1514,3188.663930852355,4555.234186931935,7700.867951,4
1516,1514.4319616629448,2163.4742309470635,0.0,4
1519,227.7816550185273,325.4023643121818,0.0,4
1527,315.1125309114341,450.1607584449058,0.0,4
1528,278.0648394546494,397.23548493521344,0.0,4
1530,253.59941583714757,362.2848797673537,0.0,4
1535,296.67018253417604,423.8145464773943,0.0,4
1537,332.6079406875073,475.15420098215327,0.0,4
1539,257.82702488113915,368.32432125877017,2055.4041693,4
1545,358.9244849480124,512.7492642114463,442.84647,4
1547,731.7803050496989,1045.4004357852841,0.0,4
1550,894.1625590684815,1277.375084383545,0.0,4
1552,1162.3883321146789,1660.5547601638268,0.0,4
1570,336.6936824348305,480.9909749069007,0.0,4
1573,929.858971090566,1328.3699587008084,0.0,4
1576,373.66226824391777,533.803240348454,5036.069813,4
1579,2372.510397472635,3389.3005678180493,8249.463799,4
1581,219.32402509689155,313.3200358527022,0.0,4
1583,277.54461121783623,396.492301739766,0.0,4
1586,360.14870715317966,514.4981530759709,0.0,4
1588,3094.830975084327,4421.187107263324,1899.998931,4
1592,526.4884168409575,752.1263097727964,571.6938309,4
1596,1357.5496915315703,1939.3567021879571,0.0,4
1601,1240.1768094485167,1771.6811563550234,0.0,4
1603,539.8000838966523,771.1429769952174,0.0,4
1605,532.8102669093851,761.1575241562643,8892.094267,4
1609,183.27278629090637,261.81826612986623,0.0,4
1612,279.65994815089186,399.5142116441312,0.0,4
1643,585.3541999574769,836.2202856535383,0.0,4
1649,426.9748183065083,609.9640261521547,0.0,4
1651,287.5147654630859,410.73537923297977,0.0,4
1656,252.1228459933731,360.17549427624726,0.0,4
1667,204.68689420006828,292.4098488572404,256.6769202,4
1672,444.26673131533346,634.6667590219049,0.0,4
1679,186.84179762475108,266.91685374964436,0.0,4
1683,221.25764435395416,316.08234907707737,1910.703893,4
1687,412.32689615795147,589.0384230827877,0.0,4
1701,359.00537480912413,512.8648211558916,0.0,4
1705,403.41568435098867,576.3081205014123,0.0,4
1724,1334.5535218093678,1906.5050311562393,0.0,4
1727,336.75791191793263,481.08273131133234,0.0,4
1739,1507.8307256249925,2154.043893749989,0.0,4
1742,1985.6539170152373,2836.64845287891,11997.5357763,4
1743,642.4996650458578,917.8566643512254,0.0,4
1744,289.135048155252,413.05006879321706,0.0,4
1745,876.3728881497511,1251.9612687853587,0.0,4
1750,1153.9798053464822,1648.542579066403,16573.84586,4
1769,175.84210287262746,251.20300410375347,0.0,4
1774,697.2109897453997,996.0156996362854,0.0,4
1784,232.69245662143766,332.4177951734823,0.0,4
1795,447.71439617143824,639.5919945306259,0.0,4
1798,560.2437888900469,800.348269842924,0.0,4
1804,1115.609628736161,1593.7280410516582,0.0,4
1818,454.2859104612024,648.979872087432,0.0,4
1819,399.7554649739629,571.0792356770897,355.2445787,4
1820,1035.9350029582604,1479.9071470832291,0.0,4
1822,1168.6829980575353,1669.547140082193,6803.225693,4
1831,792.0927196848909,1131.5610281212726,0.0,4
1834,238.02681583587568,340.0383083369652,0.0,4
1836,265.7845418071621,379.6922025816601,0.0,4
1844,324.9113722005949,464.15910314370694,0.0,4
1851,1566.620562517116,2238.0293750244514,0.0,4
1856,437.14017859705655,624.4859694243664,0.0,4
1858,454.9031149457577,649.8615927796537,8340.047468,4
1865,1308.8592664121531,1869.7989520173614,0.0,4
1866,459.4911859854595,656.4159799792277,0.0,4
1867,229.21282014978752,327.4468859282678,0.0,4
1869,432.94789899216346,618.4969985602335,0.0,4
1873,4038.8552020435236,5769.793145776462,0.0,4
1874,558.7009565537559,798.1442236482226,0.0,4
1884,1583.1663308578288,2261.6661869397553,0.0,4
1885,208.65527724473307,298.0789674924758,0.0,4
1887,1005.8221167699636,1436.888738242805,0.0,4
1897,762.0550982414867,1088.6501403449809,0.0,4
1912,1021.873018194264,1459.818597420377,0.0,4
1921,297.4286647700643,424.89809252866326,0.0,4
1925,663.7796277834228,948.2566111191754,0.0,4
1930,1172.7142017582132,1675.306002511733,0.0,4
1936,818.7910427660096,1169.7014896657279,16706.15934,4
1943,402.3937051246692,574.8481501780988,0.0,4
1944,590.4842601429839,843.5489430614056,0.0,4
1947,260.57185790883216,372.24551129833156,0.0,4
1950,480.302641266389,686.1466303805556,0.0,4
1952,2008.900427808766,2869.8577540125225,0.0,4
1956,337.17479475679716,481.6782782239959,0.0,4
1958,1387.0041795807297,1981.4345422581848,720.5478244,4
1963,2175.5200430548934,3107.8857757927044,0.0,4
1968,230.07721124707936,328.6817303529705,0.0,4
1982,492.3887917373271,703.4125596247529,1166.825792,4
1995,306.06808642329116,437.2401234618444,904.6485045,4
2005,961.7679077116081,1373.9541538737258,0.0,4
2006,992.0013001770269,1417.1447145386098,0.0,4
2018,1259.5063329450325,1799.294761350046,0.0,4
2027,293.9313509846734,419.9019299781048,0.0,4
2032,262.8826652364215,375.5466646234592,0.0,4
2034,411.5952825286481,587.9932607552115,0.0,4
2036,1748.7750749805382,2498.2501071150546,0.0,4
2052,561.1193552486804,801.5990789266862,0.0,4
2053,1109.6110047786754,1585.1585782552504,0.0,4
2059,906.5084594767757,1295.0120849668222,0.0,4
2063,3652.8177453248354,5218.311064749764,0.0,4
2066,592.758523501281,846.7978907161157,0.0,4
2073,364.7643308546713,521.0919012209589,0.0,4
2074,318.7766362158898,455.39519459412827,0.0,4
2085,280.020862379104,400.02980339872,0.0,4
2086,215.47825111288682,307.8260730184097,0.0,4
2096,1471.541059791338,2102.2015139876257,0.0,4
2099,638.6829394657534,912.4041992367905,0.0,4
2101,516.6036334521827,738.0051906459754,0.0,4
2106,993.7449287228701,1419.635612461243,0.0,4
2109,844.7532929122594,1206.790418446085,0.0,4
2111,176.41456475360613,252.02080679086583,0.0,4
2123,225.1389624000192,321.62708914288453,0.0,4
2129,755.1579787541729,1078.7971125059612,0.0,4
2139,233.02835150626527,332.89764500895035,0.0,4
2144,244.5645497947943,349.3779282782775,0.0,4
2145,692.0740798319738,988.6772569028196,437.1332233,4
2148,1136.9466507224179,1624.2095010320256,6543.126179000001,4
2149,412.90021434104017,589.8574490586287,0.0,4
2155,314.55454413287896,449.36363447554135,0.0,4
2162,494.3602348282893,706.2289068975562,0.0,4
2163,601.3195299452765,859.0278999218234,0.0,4
2171,1212.9663366920415,1732.809052417202,0.0,4
2172,851.7876485500811,1216.8394979286873,0.0,4
2174,941.3808658207117,1344.8298083153024,2545.880774,4
2177,474.72961479962055,678.1851639994578,0.0,4
2179,608.4304886417948,869.1864123454211,0.0,4
2181,213.61566109360194,305.16523013371705,743.5298442,4
2183,1205.059407116219,1721.5134387374555,1013.744004,4
2185,348.8933004367181,498.41900062388305,355.9163897,4
2186,233.954188769224,334.22026967032,0.0,4
2196,489.4516406662982,699.216629523283,0.0,4
2199,392.59606958595043,560.8515279799291,0.0,4
2208,270.9113903716273,387.0162719594676,0.0,4
2209,364.9245220391899,521.3207457702713,2104.2652866999997,4
2210,702.5976608913167,1003.7109441304523,0.0,4
2212,273.49012474041484,390.7001782005926,0.0,4
2215,189.264801646214,270.37828806602,0.0,4
2221,679.106576080658,970.152251543797,0.0,4
2226,721.1827095546321,1030.2610136494743,3527.713434,4
2229,550.0076811106455,785.7252587294935,0.0,4
2231,1391.1478270119376,1987.3540385884821,756.4300113,4
2238,355.5549037556048,507.9355767937211,0.0,4
2248,748.2815913318934,1068.9737019027048,0.0,4
2254,354.2946331609219,506.13519022988834,0.0,4
2255,555.5128975010257,793.5898535728938,0.0,4
2258,2226.5717066385673,3180.8167237693815,0.0,4
2265,2898.762926878966,4141.0898955413795,1693.973918,4
2273,690.298384606968,986.1405494385257,0.0,4
2279,1490.4163370419622,2129.1661957742317,25625.03947,4
2289,1007.9133044768572,1439.876149252653,0.0,4
2291,262.13847813599176,374.4835401942739,0.0,4
2297,867.2344933845211,1238.9064191207442,537.3632185,4
2312,2707.7484741346034,3868.2121059065757,0.0,4
2320,564.6550298347604,806.6500426210862,0.0,4
2326,1317.7897569513755,1882.5567956448222,0.0,4
2334,409.8715664689721,585.5308092413886,0.0,4
2348,860.4022777652269,1229.1461110931812,0.0,4
2349,1241.8364400726618,1774.0520572466596,0.0,4
2351,194.8956556736457,278.42236524806526,0.0,4
2359,385.25568462525047,550.3652637503578,0.0,4
2362,200.998825380173,287.1411791145328,0.0,4
2363,459.0998510862796,655.8569301232565,0.0,4
2370,330.2528153075612,471.78973615365885,0.0,4
2371,2851.5007869921005,4073.572552845858,0.0,4
2375,224.82552197756425,321.17931711080604,0.0,4
2377,1104.8137701789465,1578.3053859699235,0.0,4
2378,627.2984675212057,896.1406678874366,0.0,4
2383,1339.4002833252853,1913.4289761789787,0.0,4
2387,195.87787028136438,279.82552897337763,0.0,4
2389,876.6895325522428,1252.4136179317752,0.0,4
2419,2050.625559457923,2929.46508493989,0.0,4
2420,513.4476647532923,733.4966639332746,0.0,4
2421,329.7664142201524,471.09487745736055,0.0,4
2429,472.1052763942542,674.4361091346487,0.0,4
2450,712.9240782548559,1018.4629689355083,0.0,4
2454,1440.9559862260269,2058.5085517514667,0.0,4
2456,619.9785573427084,885.6836533467263,0.0,4
2458,503.00415543416,718.5773649059428,0.0,4
2459,477.17791130773753,681.682730439625,0.0,4
2460,842.5802911076429,1203.6861301537754,0.0,4
2471,1329.1934375007086,1898.847767858155,0.0,4
2474,364.9545301538859,521.3636145055513,0.0,4
2476,1251.4673335772525,1787.810476538932,894.3233568,4
2478,765.270868475859,1093.2440978226555,0.0,4
2481,350.89912468623936,501.28446383748474,0.0,4
2483,321.5058624207181,459.29408917245433,0.0,4
2484,755.0124100406913,1078.5891572009875,0.0,4
2493,629.4501966954298,899.2145667077567,0.0,4
2494,719.9716339559154,1028.5309056513079,0.0,4
2515,1477.9318219156673,2111.3311741652387,8159.441199,4
2518,203.30093512339053,290.4299073191293,0.0,4
2519,491.2821727334744,701.8316753335348,0.0,4
2521,214.30871269984306,306.1553038569186,0.0,4
2536,521.2776282714278,744.6823261020397,3261.9901052,4
2556,260.6098315230053,372.29975931857894,0.0,4
2560,396.6930385770612,566.7043408243732,0.0,4
2561,228.14332828325934,325.9190404046562,0.0,4
2567,403.37314912134116,576.2473558876302,0.0,4
2568,369.66569128940284,528.0938446991469,0.0,4
2574,253.0673113677502,361.52473052535737,0.0,4
2575,696.1722172444835,994.5317389206906,10552.929078000001,4
2577,464.39621629319254,663.4231661331321,0.0,4
2582,280.41292164165935,400.5898880595133,0.0,4
2585,518.7995556807803,741.1422224011146,0.0,4
2586,1700.6309211370544,2429.472744481506,0.0,4
2598,461.3487598079198,659.0696568684567,0.0,4
2600,1312.881978453485,1875.5456835049786,0.0,4
2612,784.9463859716792,1121.3519799595417,0.0,4
2613,2286.996729567919,3267.1381850970265,0.0,4
2617,2359.8353056889587,3371.1932938413693,0.0,4
2626,460.63695435534214,658.052791936203,0.0,4
2629,807.0943513067594,1152.9919304382277,0.0,4
2643,1849.8507640481096,2642.6439486401564,0.0,4
2647,341.9362592014031,488.4803702877187,0.0,4
2651,371.6587504839047,530.9410721198639,0.0,4
2654,2849.2847636931156,4070.4068052758794,0.0,4
2655,236.85933217300396,338.3704745328628,0.0,4
2662,610.5328795835682,872.1898279765257,0.0,4
2664,1078.7178716731264,1541.025530961609,0.0,4
2667,1294.0096003301962,1848.5851433288517,0.0,4
2668,677.2034056292649,967.4334366132356,0.0,4
2694,874.7347106032809,1249.6210151475439,0.0,4
2699,1192.9819883826322,1704.2599834037599,1308.647905,4
2713,610.8425135812321,872.6321622589028,0.0,4
2721,672.5897627121703,960.8425181602431,12086.79741,4
2726,626.310159995003,894.7287999928615,1628.96,4
2728,899.1734365665179,1284.5334808093112,0.0,4
2729,1032.1653060685603,1474.521865812229,0.0,4
2730,324.7442580291292,463.92036861304166,0.0,4
2736,626.9338830781915,895.619832968845,467.3419794,4
2741,537.5116740166276,767.8738200237535,0.0,4
2743,1143.9174345533988,1634.1677636477125,0.0,4
2744,238.75747254405496,341.0821036343642,0.0,4
2747,291.140641632519,415.91520233217,0.0,4
2763,445.6999085568891,636.7141550812701,0.0,4
2765,1013.1436599390629,1447.3480856272326,0.0,4
2781,993.9670598134052,1419.9529425905787,0.0,4
2801,641.9152788324002,917.0218269034287,0.0,4
2803,486.11931646439126,694.4561663777017,0.0,4
2809,348.08643891499645,497.2663413071377,2274.825253,4
2819,433.48585143643834,619.2655020520547,0.0,4
2829,1484.5642468572935,2120.8060669389906,0.0,4
2830,1007.6187469467359,1439.455352781051,0.0,4
2839,1096.3128462338825,1566.1612089055463,0.0,4
2841,2416.3064896949336,3451.8664138499053,0.0,4
2842,740.4904150358848,1057.843450051264,0.0,4
2846,517.7413970533678,739.6305672190969,0.0,4
2847,3500.8274823145857,5001.182117592265,0.0,4
2851,201.22872392104762,287.4696056014966,0.0,4
2853,2388.959951592907,3412.79993084701,0.0,4
2860,345.69492834069763,493.8498976295679,0.0,4
2865,605.1045023796937,864.4350033995623,0.0,4
2868,858.2600790657331,1226.0858272367614,1829.75315,4
2870,477.7237420380972,682.4624886258531,0.0,4
2871,400.7217141762402,572.459591680343,0.0,4
2873,1332.9482562466383,1904.2117946380545,0.0,4
2879,398.9114043155456,569.8734347364937,0.0,4
2883,958.1706639481222,1368.815234211603,1140.178764,4
2885,485.59190579464916,693.7027225637845,0.0,4
2904,692.7495834934576,989.6422621335108,0.0,4
2911,515.9371239785664,737.0530342550948,0.0,4
2914,193.46849119410106,276.3835588487158,0.0,4
2915,538.4969067227028,769.2812953181467,0.0,4
2917,760.6722128109739,1086.6745897299625,0.0,4
2918,418.2223630806419,597.4605186866312,0.0,4
2940,1271.0165511259133,1815.7379301798758,0.0,4
2970,208.89883705233572,298.4269100747653,0.0,4
2974,707.2377614887329,1010.3396592696182,2303.0740832,4
2976,1479.9119917133175,2114.159988161882,947.6552036,4
2979,2120.45304216645,3029.2186316663565,0.0,4
2994,282.8728401605007,404.10405737214376,5798.041866,4
2995,1436.574467819569,2052.2492397422416,0.0,4
2997,406.91282887881346,581.3040412554477,0.0,4
3001,231.83042697079017,331.18632424398595,0.0,4
3016,306.53298196192003,437.9042599456,0.0,4
3025,254.11837449758107,363.0262492822586,0.0,4
3027,222.71743823419968,318.16776890599954,0.0,4
3031,277.3584590357617,396.2263700510881,0.0,4
3032,1180.5238617579842,1686.4626596542628,1874.902141,4
3039,472.08255983898607,674.4036569128372,9639.172295,4
3053,306.45200052622215,437.7885721803174,0.0,4
3055,619.3320632246588,884.760090320941,0.0,4
3080,264.9213379288829,378.4590541841184,678.4369867,4
3088,3310.09766979598,4728.710956851401,0.0,4
3091,239.78467436954082,342.54953481362975,6902.051595,4
3098,1114.6932205256774,1592.4188864652533,0.0,4
3109,540.5445739707199,772.2065342438854,16772.90345,4
3115,289.2106029662621,413.1580042375173,0.0,4
3119,636.7326876841482,909.6181252630688,0.0,4
3122,1561.013870901283,2230.0198155732614,0.0,4
3128,496.35272091392403,709.0753155913201,0.0,4
3129,1096.8655269877113,1566.9507528395875,0.0,4
3131,265.12204211889514,378.7457744555644,0.0,4
3132,582.2769273402014,831.8241819145733,301.2027403,4
3134,188.08635004318657,268.6947857759808,1411.813243,4
3144,391.8717152863,559.8167361232856,0.0,4
3153,1272.1725745399094,1817.3893921998704,0.0,4
3156,192.76201857137562,275.37431224482225,0.0,4
3157,1276.7675312689644,1823.9536160985206,0.0,4
3159,207.32076614810154,296.1725230687165,414.9847267,4
3172,356.1051238554217,508.7216055077452,0.0,4
3184,1883.2121456668306,2690.303065238329,1098.630733,4
3185,722.6826557771467,1032.4037939673524,0.0,4
3193,651.2092762575071,930.2989660821529,3782.845156,4
3201,303.22844534476275,433.18349334966103,0.0,4
3204,1533.6880678658654,2190.982954094093,0.0,4
3218,541.1900863599736,773.1286947999623,0.0,4
3222,474.174368022538,677.3919543179113,1313.54295,4
3234,555.0417343074448,792.9167632963496,0.0,4
3236,185.2945747544778,264.7065353635397,0.0,4
3250,484.1876929236593,691.6967041766561,0.0,4
3254,3803.532509051616,5433.617870073737,0.0,4
3256,1328.0744040134482,1897.24914859064,2440.611548,4
3258,309.36987109680115,441.9569587097159,0.0,4
3264,354.5842733686219,506.5489619551741,0.0,4
3272,875.883156123551,1251.2616516050728,12476.67512,4
3275,356.302704832021,509.00386404574425,0.0,4
3278,736.645292370722,1052.3504176724598,0.0,4
3297,641.5739007570188,916.5341439385982,0.0,4
3301,256.4690128670659,366.3843040958084,0.0,4
3302,449.64438892431724,642.3491270347389,0.0,4
3303,243.77751428669836,348.2535918381405,0.0,4
3313,474.512196194653,677.8745659923613,0.0,4
3318,875.339143987241,1250.4844914103442,0.0,4
3320,1429.741384164038,2042.4876916629112,0.0,4
3325,400.9732590752182,572.8189415360259,0.0,4
3333,184.58101633082438,263.68716618689194,0.0,4
3338,362.47073136003775,517.8153305143396,0.0,4
3340,346.13840489574875,494.48343556535536,0.0,4
3350,302.5045096429454,432.14929948992193,0.0,4
3351,1047.0070890848174,1495.7244129783103,0.0,4
3353,265.038551238008,378.6265017685828,0.0,4
3361,1250.473906921191,1786.3912956017014,0.0,4
3366,539.9040626133385,771.2915180190549,0.0,4
3380,340.5372582527902,486.48179750398594,0.0,4
3383,1306.9386891420702,1867.0552702029572,0.0,4
3387,320.55916273161415,457.941661045163,0.0,4
3390,693.2179649437616,990.3113784910879,0.0,4
3391,664.1507018014377,948.7867168591966,0.0,4
3392,438.9023502126352,627.0033574466216,0.0,4
3393,1229.1997602495662,1755.9996574993802,0.0,4
3394,563.8758620514624,805.5369457878033,0.0,4
3395,497.82031857442576,711.1718836777511,0.0,4
3410,190.20197451843808,271.7171064549115,0.0,4
3412,535.8974691704632,765.5678131006617,0.0,4
3417,188.93971899981852,269.91388428545497,0.0,4
3424,223.95201567901282,319.93145097001826,0.0,4
3425,498.1834526425845,711.6906466322635,0.0,4
3430,613.3135720934541,876.1622458477915,0.0,4
3433,536.1079702444908,765.868528920701,1367.548365,4
3434,657.0974009290306,938.710572755758,0.0,4
3435,198.0111880979993,282.8731258542847,0.0,4
3443,567.0604779231782,810.0863970331116,0.0,4
3452,435.8685100512596,622.669300073228,0.0,4
3457,420.2314681970106,600.3306688528722,2403.322452,4
3461,2512.629527700028,3589.470753857183,8950.675459,4
3465,1105.907561776678,1579.8679453952543,0.0,4
3474,1434.5443004553908,2049.349000650558,0.0,4
3479,460.5754336147818,657.9649051639739,94.35662319,4
3488,436.1999995191147,623.1428564558781,0.0,4
3489,356.1155488653231,508.7364983790329,0.0,4
3500,372.9053839749447,532.7219771070638,0.0,4
3513,600.8161733101491,858.3088190144986,0.0,4
3524,1413.7411209723189,2019.6301728175983,0.0,4
3525,1751.8545422482298,2502.6493460689,0.0,4
3526,1400.5888079505685,2000.8411542150975,0.0,4
3539,264.6685279866029,378.09789712371844,0.0,4
3543,328.70880871339625,469.58401244770886,0.0,4
3544,917.8581411459323,1311.2259159227604,574.1409704,4
3547,521.1763284336544,744.5376120480776,0.0,4
3548,835.7297353338174,1193.8996219054534,0.0,4
3549,213.67703620322695,305.25290886175276,0.0,4
3558,502.93805106582056,718.4829300940293,0.0,4
3560,466.21138678324417,666.0162668332059,0.0,4
3566,290.76239076733344,415.3748439533334,857.214113,4
3570,462.3922409774269,660.560344253467,0.0,4
3572,575.5966069591882,822.2808670845544,0.0,4
3585,294.15944011362706,420.22777159089577,0.0,4
3592,356.86677420579963,509.80967743685653,463.0420496,4
3604,2197.039653031974,3138.6280757599625,0.0,4
3605,3672.770211774209,5246.81458824887,17804.227472000002,4
3611,1647.8880727351045,2354.125818193006,18514.2036136,4
3620,531.0768772587833,758.6812532268332,0.0,4
3625,776.3255311588819,1109.0364730841168,0.0,4
3633,396.4520183844813,566.3600262635446,0.0,4
3634,1518.5525032756607,2169.3607189652294,0.0,4
3649,1457.639083998011,2082.3415485685873,0.0,4
3652,1115.7020793767501,1593.8601133953575,0.0,4
3656,600.353443182554,857.6477759750769,0.0,4
3659,392.1616850315822,560.2309786165459,0.0,4
3662,691.9097956660073,988.4425652371532,0.0,4
3663,394.5215107915778,563.6021582736824,0.0,4
3664,353.45038070437784,504.9291152919683,0.0,4
3670,1436.7822104043923,2052.5460148634174,0.0,4
3673,375.259177908757,536.0845398696529,553.6213768,4
3684,298.36006874826853,426.22866964038354,0.0,4
3698,338.8792706530011,484.1132437900015,7668.977494,4
3702,510.84835642303653,729.7833663186236,0.0,4
3709,436.83608621919933,624.0515517417133,0.0,4
3710,338.5132036440474,483.5902909200677,0.0,4
3718,537.0967098513086,767.2810140732979,1298.760671,4
3725,255.9516504907942,365.6452149868488,0.0,4
3728,1968.1101389734108,2811.5859128191582,0.0,4
3748,1267.9434693234284,1811.3478133191834,1058.530627,4
3751,304.9294515845784,435.61350226368336,0.0,4
3752,731.4293284913992,1044.899040701999,716.5044128,4
3753,904.9529875109386,1292.7899821584836,0.0,4
3761,240.4400621572916,343.4858030818451,0.0,4
3766,350.6912948772949,500.98756411042126,0.0,4
3767,286.793166094498,409.70452299214,0.0,4
3776,329.1282782111824,470.18325458740344,0.0,4
3811,322.41086431401266,460.58694902001804,0.0,4
3819,2299.163896970784,3284.519852815406,0.0,4
3820,611.0999677990822,872.9999539986886,0.0,4
3821,338.0022097028343,482.8602995754776,0.0,4
3829,869.1630113372271,1241.6614447674672,0.0,4
3831,526.2377222916414,751.7681747023447,0.0,4
3834,238.1989039902694,340.28414855752766,0.0,4
3838,254.90036457235428,364.1433779605061,0.0,4
3840,645.8272577792133,922.6103682560188,0.0,4
3843,282.293813895764,403.2768769939485,0.0,4
3851,228.5446871932747,326.4924102761067,0.0,4
3859,228.8485202398473,326.9264574854961,0.0,4
3861,978.3935566372431,1397.705080910347,0.0,4
3870,255.58639704461723,365.12342434945316,0.0,4
3871,184.35595790624177,263.3656541517739,360.0567211,4
3873,521.596880162637,745.1384002323387,0.0,4
3874,3163.941691556615,4519.916702223735,0.0,4
3875,276.4954455903827,394.99349370054665,0.0,4
3896,536.8672956880665,766.9532795543806,0.0,4
3903,561.2830498899796,801.8329284142565,297.5791938,4
3906,467.57306159009875,667.9615165572839,5764.52084,4
3911,180.5735489501795,257.9622127859707,0.0,4
3917,5704.638118014511,8149.483025735015,0.0,4
3919,384.3764327740347,549.1091896771923,0.0,4
3923,297.04169509645277,424.3452787092182,0.0,4
3929,211.5463835904607,302.2091194149438,0.0,4
3935,192.82615608138147,275.46593725911634,0.0,4
3936,629.3373812950111,899.0534018500159,0.0,4
3950,2058.406830597074,2940.5811865672486,0.0,4
3951,720.1298238431447,1028.7568912044924,0.0,4
3953,651.2268652641388,930.3240932344839,0.0,4
3960,539.3226560546893,770.4609372209848,0.0,4
3962,411.5184216707295,587.8834595296136,0.0,4
3970,239.2486146697273,341.7837352424675,0.0,4
3979,300.7060531024282,429.5800758606117,0.0,4
3982,480.8057258003008,686.8653225718583,0.0,4
3983,297.7926510144458,425.4180728777797,0.0,4
3984,787.4759028656351,1124.9655755223357,0.0,4
3986,291.00970363444526,415.72814804920745,0.0,4
3987,1251.9396150463176,1788.485164351882,0.0,4
3990,372.58077593751176,532.2582513393024,0.0,4
3996,1987.2664149401314,2838.9520213430446,0.0,4
3999,1104.505124411799,1577.8644634454267,0.0,4
4002,356.0897141141937,508.6995915917052,0.0,4
4003,537.1741130832316,767.3915901189023,0.0,4
4004,614.570205897383,877.9574369962613,0.0,4
4007,3094.1748121225964,4420.249731603709,12207.7228,4
4012,756.8361977058235,1081.1945681511763,0.0,4
4013,4204.9770937760295,6007.110133965756,0.0,4
4027,1418.3917072910158,2026.273867558594,0.0,4
4040,478.92095119897607,684.1727874271086,0.0,4
4051,220.9967562573422,315.70965179620316,0.0,4
4053,418.14147905203475,597.3449700743354,0.0,4
4062,922.8057382823711,1318.2939118319584,0.0,4
4076,302.35237588545976,431.9319655506567,0.0,4
4079,312.1625637029475,445.94651957563934,0.0,4
4080,363.74941708367527,519.6420244052504,0.0,4
4094,646.0174077055987,922.882011007998,0.0,4
4096,342.16402692593357,488.8057527513336,0.0,4
4100,1040.5023113150585,1486.4318733072264,0.0,4
4101,463.18582645322573,661.6940377903225,0.0,4
4102,362.382423713713,517.6891767338757,0.0,4
4108,313.36059254728457,447.6579893532636,0.0,4
4110,813.4730986166566,1162.1044265952235,1091.307641,4
4112,387.36874838136976,553.3839262590996,0.0,4
4114,187.95214254877547,268.50306078396494,0.0,4
4117,731.6591152528968,1045.2273075041383,0.0,4
4119,322.88773767410237,461.268196677289,0.0,4
4124,1462.8974523902714,2089.8535034146735,0.0,4
4128,348.28542640904163,497.5506091557737,0.0,4
4129,1689.5630673313162,2413.6615247590225,7866.621937,4
4131,199.7809010993027,285.4012872847181,0.0,4
4136,186.41551864924855,266.3078837846408,0.0,4
4149,1719.7677907226712,2456.8111296038155,0.0,4
4150,277.70100009678606,396.71571442398,0.0,4
4156,1120.315027800464,1600.4500397149482,0.0,4
4157,586.6250461461902,838.0357802088431,0.0,4
4160,877.919448810897,1254.1706411584241,11795.48083,4
4162,1512.0247357129508,2160.0353367327866,0.0,4
4164,915.199960696764,1307.4285152810912,0.0,4
4169,479.10656455893525,684.4379493699073,0.0,4
4170,242.0331223502542,345.7616033575059,0.0,4
4172,560.9009911124249,801.2871301606069,0.0,4
4174,1786.8948366730185,2552.7069095328834,0.0,4
4175,290.1824868419992,414.5464097742846,190.6424912,4
4180,617.5270322132011,882.1814745902872,0.0,4
4186,214.6534512750739,306.6477875358199,0.0,4
4188,1143.958456957698,1634.2263670824254,6541.20485,4
4189,805.6417851110707,1150.916835872958,0.0,4
4206,255.13884139388105,364.48405913411574,0.0,4
4212,1569.2359954753729,2241.765707821961,0.0,4
4213,226.39331500834044,323.41902144048635,0.0,4
4229,431.47140158117645,616.3877165445377,0.0,4
4236,298.5355648100954,426.47937830013626,0.0,4
4242,208.6941190026796,298.1344557181137,0.0,4
4243,2401.6719074290995,3430.9598677558565,0.0,4
4246,1663.8397199046717,2376.913885578102,0.0,4
4248,377.33369219366324,539.0481317052331,0.0,4
4251,202.02973485553838,288.6139069364834,537.06831,4
4287,744.8498809098817,1064.071258442688,0.0,4
4290,358.8744673449103,512.6778104927289,0.0,4
4291,1598.7862372630523,2283.980338947217,0.0,4
4294,726.1030858123177,1037.290122589025,0.0,4
4302,213.1217067126274,304.4595810180391,0.0,4
4318,283.2065622223026,404.58080317471797,0.0,4
4325,826.5542868022951,1180.7918382889927,0.0,4
4326,257.67210184144625,368.1030026306375,0.0,4
4327,368.7150248758752,526.7357498226788,0.0,4
4333,461.2569732051659,658.9385331502369,0.0,4
4349,1365.6927941092206,1950.9897058703152,0.0,4
4351,645.6881819496739,922.4116884995341,0.0,4
4352,1205.8444423993005,1722.6349177132865,0.0,4
4356,1451.577645519636,2073.682350742337,0.0,4
4358,2255.113696623199,3221.590995175998,0.0,4
4364,183.55952748800053,262.2278964114293,0.0,4
4369,1608.620549243965,2298.0293560628065,3178.260349,4
4373,1633.8199325559751,2334.028475079964,0.0,4
4377,349.37008455300867,499.10012079001234,0.0,4
4387,319.77667182580905,456.8238168940129,0.0,4
4391,3043.6111550713904,4348.015935816272,0.0,4
4396,204.62180326332935,292.31686180475623,0.0,4
4397,1475.0413284731671,2107.20189781881,6528.407341,4
4398,735.3047142009398,1050.4353060013425,0.0,4
4407,338.9489280141536,484.21275430593363,0.0,4
4409,477.58496288576896,682.2642326939556,0.0,4
4411,482.7724772237432,689.67496746249,0.0,4
4421,583.4976670187289,833.5680957410412,0.0,4
4424,1171.5695160205162,1673.6707371721661,0.0,4
4426,223.15896278944044,318.7985182706292,0.0,4
4430,839.9661059808916,1199.9515799727021,0.0,4
4433,298.862073691259,426.94581955894137,0.0,4
4434,1294.7408438641678,1849.6297769488112,0.0,4
4441,301.8234276737816,431.17632524825945,0.0,4
4442,857.0359212511931,1224.3370303588472,0.0,4
4443,438.479956501819,626.3999378597414,0.0,4
4447,1232.0219972443642,1760.0314246348055,0.0,4
4455,219.18839588956033,313.126279842229,0.0,4
4456,3442.107182757145,4917.2959753673495,0.0,4
4457,399.5423379293209,570.7747684704584,0.0,4
4465,800.6840891114621,1143.8344130163746,1076.4119564,4
4473,566.3703552069884,809.1005074385548,1584.89442,4
4479,880.7476378194882,1258.2109111706973,0.0,4
4482,238.57530759528555,340.8218679932651,624.8213218,4
4483,1458.4887711828933,2083.555387404133,2159.812773,4
4484,1889.867566303506,2699.810809005008,0.0,4
4490,549.709396097249,785.2991372817843,0.0,4
4491,1221.1743991748924,1744.5348559641318,0.0,4
4493,330.1450678179799,471.63581116854266,0.0,4
4496,386.9532769613296,552.7903956590422,0.0,4
4501,554.4462198989411,792.0660284270585,0.0,4
4502,600.155321961523,857.3647456593185,0.0,4
4517,1297.099279405018,1852.998970578597,1983.977017,4
4520,751.5895237713063,1073.6993196732947,0.0,4
4522,255.24458551200198,364.63512216000277,0.0,4
4524,600.5015327476007,857.8593324965723,0.0,4
4525,506.7986620675732,723.9980886679616,0.0,4
4526,621.0068044877007,887.1525778395722,0.0,4
4534,320.25625229261186,457.5089318465883,0.0,4
4543,196.8169010462991,281.16700149471296,0.0,4
4547,449.08497123878925,641.549958912556,0.0,4
4556,249.6669978024654,356.6671397178077,0.0,4
4560,362.5133939025406,517.8762770036294,0.0,4
4562,857.9217416891136,1225.602488127305,0.0,4
4573,1132.1814572728165,1617.4020818183092,0.0,4
4583,1486.8765329943822,2124.1093328491174,0.0,4
4594,2993.8236650366243,4276.8909500523205,0.0,4
4605,447.7247026487198,639.6067180695997,0.0,4
4606,1457.8375416116671,2082.6250594452385,11989.93377,4
4611,202.82756806273906,289.75366866105577,0.0,4
4612,349.28306288958566,498.9758041279795,209.0430085,4
4617,791.4386834031484,1130.6266905759262,0.0,4
4621,2618.8479812715664,3741.211401816523,0.0,4
4622,1838.2419895724242,2626.059985103463,0.0,4
4626,1739.3416575209621,2484.773796458517,0.0,4
4628,579.7245373990496,828.1779105700708,4097.184666,4
4631,193.707153764878,276.7245053783971,0.0,4
4637,329.06918540471895,470.0988362924556,0.0,4
4639,252.51030663311306,360.7290094758757,0.0,4
4641,1629.9977040859017,2328.568148694145,0.0,4
4648,2108.8097994630934,3012.585427804419,0.0,4
4651,454.24094880361895,648.915641148027,0.0,4
4658,334.66517885831,478.09311265472854,5506.035768,4
4666,556.8322947386592,795.4747067695131,0.0,4
4672,483.4245628587772,690.6065183696817,1125.088442,4
4674,1310.593568316011,1872.2765261657298,0.0,4
4675,411.30344610752945,587.5763515821849,0.0,4
4679,265.84094772235727,379.77278246051037,0.0,4
4684,626.0888151911561,894.4125931302228,0.0,4
4688,1494.576105344369,2135.108721920527,0.0,4
4690,405.54568961120833,579.350985158869,0.0,4
4692,499.25009095675495,713.2144156525071,0.0,4
4693,1108.874203616643,1584.1060051666327,0.0,4
4696,1391.46499306403,1987.8071329486143,0.0,4
4702,1575.377166220604,2250.538808886577,0.0,4
4707,274.94870255497057,392.78386079281506,0.0,4
4710,866.4279837559809,1237.7542625085441,1167.888388,4
4713,1536.4742371564284,2194.963195937755,336.5567954,4
4718,331.0594365830144,472.94205226144913,3048.432493,4
4721,521.9245509114223,745.6065013020318,0.0,4
4723,461.4175079651018,659.167868521574,0.0,4
4728,608.9226668790852,869.8895241129788,0.0,4
4731,171.95692976365527,245.6527568052218,0.0,4
4732,907.2211459673327,1296.030208524761,0.0,4
4735,271.99426755276437,388.563239361092,0.0,4
4739,257.133682138045,367.33383162577854,0.0,4
4741,554.0093914307276,791.4419877581822,0.0,4
4745,1184.0080023338137,1691.4400033340198,0.0,4
4752,591.3126014918499,844.7322878454997,0.0,4
4755,922.9166203102069,1318.452314728867,769.4279752,4
4756,281.1893974000468,401.69913914292397,0.0,4
4759,527.7172220636523,753.8817458052176,0.0,4
4761,277.81030035416484,396.8718576488069,0.0,4
4763,469.668728877654,670.9553269680771,0.0,4
4764,363.17982684465727,518.828324063796,0.0,4
4766,1152.149176967093,1645.9273956672755,0.0,4
4770,1235.4053940247422,1764.8648486067746,919.4859977,4
4771,488.2699811855843,697.5285445508347,1134.8333641,4
4778,205.68880640060414,293.841152000863,0.0,4
4782,300.1255637349916,428.75080533570224,0.0,4
4783,664.299396494231,948.9991378489012,0.0,4
4784,1640.815927118008,2344.0227530257257,0.0,4
4786,444.1896530800756,634.5566472572508,0.0,4
4791,1260.8804412659986,1801.2577732371408,0.0,4
4800,379.07520940661414,541.5360134380201,0.0,4
4807,254.8380379439684,364.0543399199548,0.0,4
4813,256.90964779487297,367.0137825641042,0.0,4
4819,442.034595484156,631.4779935487942,0.0,4
4822,505.71820557457863,722.4545793922551,0.0,4
4829,404.6679393474775,578.097056210682,0.0,4
4830,1322.293114640339,1888.9901637719126,3876.75814,4
4849,1186.1826630168307,1694.5466614526151,0.0,4
4852,303.37807842045294,433.39725488636134,0.0,4
4857,3361.6619332363352,4802.37419033762,0.0,4
4860,198.15132816978843,283.07332595684056,0.0,4
4870,412.975033058962,589.9643329413743,2546.9910407999996,4
4877,793.8501413616752,1134.0716305166789,0.0,4
4878,438.34746864308016,626.2106694901145,0.0,4
4880,915.7015361929983,1308.1450517042833,0.0,4
4883,261.98767021768396,374.26810031097705,0.0,4
4899,198.2257783298911,283.1796833284158,1975.165963,4
4902,870.9096259000332,1244.1566084286187,0.0,4
4903,399.0490230591148,570.0700329415924,0.0,4
4915,497.77262926548684,711.1037560935525,469.1209049,4
4917,378.2543762730381,540.3633946757686,350.7277243,4
4921,702.3495638727853,1003.3565198182647,0.0,4
4922,1408.324407204234,2011.8920102917625,0.0,4
4926,245.14835346819086,350.2119335259869,0.0,4
4928,3381.169173134911,4830.241675907016,0.0,4
4929,418.3301445382153,597.6144921974503,0.0,4
4932,1063.5678463592244,1519.3826376560348,0.0,4
4934,5177.997743440102,7397.139633485858,116563.4005,4
4938,524.452399203875,749.2177131483927,0.0,4
4948,327.69723543414614,468.13890776306584,0.0,4
4949,409.55609252443526,585.0801321777647,0.0,4
4953,503.2188871296416,718.8841244709165,0.0,4
4955,455.02374932943474,650.0339276134781,0.0,4
4956,292.2556376043176,417.5080537204537,0.0,4
4957,1536.341204009715,2194.773148585307,0.0,4
4960,330.15867740635366,471.65525343764807,2469.392579,4
4964,790.2239748413804,1128.8913926305434,0.0,4
4974,976.7947610168397,1395.4210871669136,0.0,4
4976,2062.0160900103397,2945.7372714433427,0.0,4
4979,1280.884817175241,1829.8354531074872,0.0,4
4985,2661.0144326331074,3801.449189475867,0.0,4
4986,1418.8231315345577,2026.8901879065108,0.0,4
4987,547.4300703171373,782.0429575959103,0.0,4
4989,201.6340990428319,288.04871291833126,0.0,4
4991,523.7919596723676,748.2742281033823,0.0,4
4992,2402.638324998536,3432.3404642836226,0.0,4
4994,437.43215622179144,624.9030803168448,0.0,4
5000,737.2850311573644,1053.2643302248064,0.0,4
5002,1652.6569118995624,2360.938445570803,0.0,4
5013,368.8280981116003,526.8972830165718,208.5628704,4
5020,1211.2619356346486,1730.3741937637835,0.0,4
5024,375.5013317080276,536.4304738686109,0.0,4
5025,2302.199491273256,3288.8564161046515,0.0,4
5030,452.0623058973302,645.8032941390431,0.0,4
5037,967.8500138237158,1382.6428768910223,0.0,4
5038,232.59698752759303,332.28141075370434,0.0,4
5041,436.3824046694004,623.4034352420005,10716.52844,4
5043,1508.0529517956336,2154.3613597080475,0.0,4
5048,651.9370942098054,931.3387060140076,931.9335027,4
5049,351.1468455727765,501.6383508182521,0.0,4
5056,242.1867131785852,345.98101882655027,0.0,4
5057,224.46954736272076,320.6707819467439,331.0896669,4
5062,1370.554801672026,1957.9354309600371,17654.53292,4
5087,376.6202112916356,538.0288732737652,0.0,4
5094,3519.023097216899,5027.175853166998,37343.54389,4
5097,3745.1863442056256,5350.266206008036,0.0,4
5099,942.1258841957888,1345.8941202796982,0.0,4
5106,192.63809560833093,275.1972794404727,0.0,4
5109,293.0249759129776,418.6071084471108,0.0,4
5110,276.93898759485455,395.62712513550645,0.0,4
5111,618.1243928506169,883.0348469294526,1355.047646,4
5112,3355.7492217227737,4793.927459603961,0.0,4
5113,815.2443134864519,1164.6347335520738,0.0,4
5115,341.6892694125123,488.1275277321604,0.0,4
5116,2538.013254803821,3625.733221148316,0.0,4
5124,397.4155850182232,567.7365500260331,0.0,4
5129,279.61427457250056,399.4489636750008,0.0,4
5130,1262.4098654137122,1803.4426648767314,607.0418777,4
5135,812.4447692931737,1160.6353847045336,0.0,4
5138,637.9947316204014,911.421045172002,0.0,4
5140,2242.917189746756,3204.1674139239362,0.0,4
5146,1418.5381557708458,2026.4830796726367,0.0,4
5147,303.09804823770503,432.99721176815,0.0,4
5148,372.4546192372497,532.0780274817853,0.0,4
5150,263.1801212090096,375.97160172715655,0.0,4
5156,212.18440645876765,303.12058065538235,0.0,4
5166,701.5655301553631,1002.2364716505186,0.0,4
5170,323.7172890237233,462.4532700338905,0.0,4
5184,255.82033152356382,365.457616462234,0.0,4
5187,467.09304346991763,667.2757763855966,0.0,4
5192,391.9317446587728,559.9024923696754,0.0,4
5193,205.61095691346355,293.729938447805,0.0,4
5194,1166.2560219997388,1666.080031428198,0.0,4
5197,889.6503592798773,1270.929084685539,0.0,4
5203,1945.0060473566414,2778.580067652344,0.0,4
5214,564.658595928645,806.6551370409213,0.0,4
5215,341.0525510977314,487.2179301396162,0.0,4
5217,268.5800573361609,383.68579619451555,0.0,4
5218,345.97234206153274,494.2462029450467,0.0,4
5229,315.81510683404,451.16443833434283,0.0,4
5234,1480.816932636769,2115.45276090967,0.0,4
5243,366.2922214127142,523.2746020181631,0.0,4
5244,945.5322006020607,1350.7602865743722,0.0,4
5245,408.20568149283054,583.1509735611864,0.0,4
5246,1313.6717576294363,1876.673939470623,0.0,4
5251,223.1381934329369,318.7688477613384,0.0,4
5253,891.2888963902421,1273.26985198606,0.0,4
5255,423.51450567561125,605.0207223937304,0.0,4
5256,798.2824653291234,1140.4035218987474,0.0,4
5257,510.09296070494565,728.7042295784937,0.0,4
5261,443.0072727027099,632.8675324324427,0.0,4
5267,263.6450022461429,376.6357174944898,496.0401852,4
5283,347.5900021669224,496.55714595274617,0.0,4
5286,1423.3188970185026,2033.3127100264321,0.0,4
5290,430.1258878453959,614.4655540648512,0.0,4
5292,1219.5628111019794,1742.2325872885417,0.0,4
5297,1378.4860496734154,1969.2657852477362,0.0,4
5298,179.61567845086483,256.5938263583783,0.0,4
5314,599.5527425260366,856.503917894338,0.0,4
5317,281.10271388021033,401.5753055431575,0.0,4
5328,520.5540192508363,743.6485989297661,0.0,4
5329,533.0090680043539,761.4415257205056,0.0,4
5330,1428.2302732096914,2040.3289617281303,0.0,4
5332,1160.1013511437131,1657.2876444910187,0.0,4
5337,415.9315696415201,594.187956630743,0.0,4
5340,1333.6047701120974,1905.1496715887104,1860.372058,4
5343,887.0910400396667,1267.272914342381,0.0,4
5346,502.92920223352843,718.4702889050405,0.0,4
5350,444.1585656691588,634.5122366702268,0.0,4
5352,197.92248012923653,282.74640018462355,0.0,4
5354,419.46529276281956,599.2361325183136,0.0,4
5362,704.0123893482807,1005.7319847832581,0.0,4
5365,933.8254761992613,1334.0363945703732,0.0,4
5366,1062.1658291016702,1517.3797558595288,0.0,4
5373,1436.0343805210373,2051.4776864586247,53676.75334,4
5374,359.34654816786315,513.352211668376,0.0,4
5375,793.1136766100108,1133.019538014301,181.1005537,4
5384,304.58894356862845,435.1270622408977,0.0,4
5386,332.9499461848476,475.6427802640679,0.0,4
5388,801.4060375561686,1144.8657679373837,0.0,4
5394,4167.619114777433,5953.741592539189,0.0,4
5398,378.511703131211,540.7310044731585,1977.745964,4
5401,1878.4757894630234,2683.536842090033,0.0,4
5403,673.464301281693,962.0918589738471,0.0,4
5406,608.9579804497232,869.9399720710331,0.0,4
5410,542.2530786400519,774.6472552000739,0.0,4
5411,2135.804633085986,3051.1494758371227,0.0,4
5415,688.5453073191383,983.6361533130545,0.0,4
5423,4211.94749638252,6017.067851975028,3758.080094,4
5424,1107.329878380285,1581.8998262575496,0.0,4
5429,294.743873275562,421.06267610794566,0.0,4
5430,337.21112063456593,481.73017233509404,0.0,4
5438,826.5194614592011,1180.7420877988586,0.0,4
5440,422.0780360388437,602.9686229126338,0.0,4
5441,359.49920359281634,513.5702908468804,2470.850266,4
5442,478.8240288050762,684.0343268643945,0.0,4
5444,331.81140718070196,474.0162959724313,0.0,4
5445,2104.2916984415833,3006.13099777369,0.0,4
5447,187.50996751845838,267.87138216922625,4185.319832,4
5451,227.92023320830535,325.6003331547219,7334.727003,4
5458,704.4838721867939,1006.4055316954198,0.0,4
5467,468.77583528908974,669.6797646986995,0.0,4
5472,199.81455651776054,285.44936645394364,0.0,4
5473,2805.2594944314633,4007.513563473519,0.0,4
5484,1051.9980593442992,1502.854370491856,0.0,4
5485,224.71038484300374,321.01483549000534,0.0,4
5490,568.2678213246737,811.8111733209623,0.0,4
5494,2868.6973169686166,4098.13902424088,6796.388186,4
5495,1033.126176228675,1475.8945374695356,418.0546352,4
5497,1250.4888703114434,1786.4126718734906,9152.299652,4
5503,698.9260134390062,998.4657334842946,0.0,4
5506,1537.0429554611937,2195.775650658848,647.771675,4
5508,1634.397685811876,2334.8538368741088,0.0,4
5512,630.6274735743672,900.8963908205244,0.0,4
5513,741.8537592910607,1059.791084701515,0.0,4
5523,197.93598244988848,282.7656892141264,535.9169832,4
5528,893.7904805293036,1276.8435436132909,0.0,4
5530,454.2178577998857,648.8826539998366,7585.336552,4
5537,1828.80552301436,2612.5793185919424,0.0,4
5539,1944.2244650569678,2777.463521509954,0.0,4
5543,1109.8444736609026,1585.492105229861,0.0,4
5549,326.465428472954,466.37918353279133,1683.295394,4
5574,585.8318370554645,836.9026243649491,0.0,4
5577,3446.0894903783806,4922.984986254829,0.0,4
5580,1230.2127871714222,1757.4468388163173,0.0,4
5587,424.3761190292317,606.251598613188,0.0,4
5588,341.06549220411534,487.23641743445046,0.0,4
5589,814.3458041470843,1163.351148781549,0.0,4
5603,556.5986261976484,795.1408945680689,0.0,4
5607,1431.7264030097758,2045.3234328711083,975.3340653,4
5609,2045.1442376221603,2921.6346251745144,0.0,4
5610,446.2136598303829,637.4480854719756,0.0,4
5617,732.2971678687595,1046.1388112410848,0.0,4
5626,351.2376311920284,501.76804456004055,0.0,4
5640,729.8999551579351,1042.714221654193,0.0,4
5646,1497.776733732472,2139.6810481892453,0.0,4
5659,734.2215578179912,1048.8879397399874,0.0,4
5662,233.69102809770274,333.844325853861,0.0,4
5664,462.0653597464722,660.0933710663888,0.0,4
5667,243.00412667568526,347.14875239383605,0.0,4
5669,546.6567817652548,780.9382596646496,0.0,4
5670,200.65775927248063,286.65394181782943,0.0,4
5683,289.2140541671426,413.16293452448934,0.0,4
5689,891.8032486867708,1274.004640981101,6387.047216,4
5690,3687.7477634553275,5268.211090650468,0.0,4
5692,681.3081222583372,973.2973175119103,0.0,4
5697,184.25283693368243,263.21833847668915,0.0,4
5701,4272.167939387119,6103.097056267313,0.0,4
5709,238.97963993136872,341.399485616241,0.0,4
5712,525.3879776948498,750.5542538497855,0.0,4
5720,1826.8551620187643,2609.7930885982346,10837.81755,4
5726,366.94493002342705,524.20704289061,0.0,4
5728,475.02222841413857,678.6031834487694,0.0,4
5729,2490.1452217853202,3557.3503168361717,0.0,4
5730,324.21917338732294,463.1702476961756,0.0,4
5733,1449.501299283385,2070.7161418334067,0.0,4
5735,2261.9706393478,3231.386627639714,0.0,4
5740,427.1194771636905,610.1706816624148,0.0,4
5752,821.4490197926259,1173.498599703751,927.9911505,4
5757,581.7243717610718,831.034816801531,0.0,4
5758,257.16306609611536,367.37580870873626,0.0,4
5759,545.90399979059,779.8628568437,0.0,4
5761,1268.0332140614132,1811.476020087733,0.0,4
5763,570.670349008498,815.2433557264255,0.0,4
5773,2834.839633207434,4049.770904582048,0.0,4
5776,326.2538653439811,466.07695049140153,0.0,4
5781,819.8781015187425,1171.2544307410606,0.0,4
5808,490.37365166412917,700.533788091613,0.0,4
5814,242.76421966234275,346.80602808906104,0.0,4
5825,221.42524913160264,316.321784473718,507.5799849,4
5826,1258.742885431454,1798.2041220449341,0.0,4
5827,223.46086466149217,319.2298066592745,0.0,4
5828,1482.961289759169,2118.5161282273843,0.0,4
5829,383.6074057331379,548.0105796187684,0.0,4
5832,340.4707870284352,486.38683861205027,0.0,4
5838,353.387719398896,504.83959914128,0.0,4
5846,175.35491140832008,250.5070162976001,0.0,4
5851,1368.7300571804603,1955.328653114943,9515.014034,4
5856,961.6316042459557,1373.7594346370793,0.0,4
5862,299.0979494614626,427.2827849449465,0.0,4
5864,358.7063380902292,512.4376258431846,0.0,4
5866,1445.2593864364105,2064.6562663377294,6433.484433,4
5868,1705.5932032258524,2436.5617188940746,0.0,4
5874,485.04330003219957,692.9190000459993,0.0,4
5876,313.19522146643186,447.4217449520455,0.0,4
5887,625.1255040344638,893.0364343349482,0.0,4
5888,231.8262216003543,331.18031657193467,0.0,4
5893,1239.6132556075763,1770.8760794393947,0.0,4
5899,2402.3626089227273,3431.9465841753245,1092.141181,4
5900,201.82292327529055,288.3184618218436,0.0,4
5905,1353.9182136811423,1934.1688766873463,1379.305613,4
5908,1080.9543161717413,1544.2204516739162,0.0,4
5912,713.7403800257783,1019.6291143225403,0.0,4
5915,332.9856756608911,475.69382237270156,0.0,4
5917,650.5893667683223,929.4133810976032,0.0,4
5920,403.7339927265657,576.7628467522367,0.0,4
5931,251.76004193433312,359.657202763333,0.0,4
5933,2676.8863836701935,3824.1234052431328,0.0,4
5935,832.8089922311713,1189.727131758816,0.0,4
5936,311.30325018386475,444.7189288340925,0.0,4
5940,376.83321474593015,538.3331639227573,277.0915946,4
5941,3213.360828278404,4590.515468969148,0.0,4
5942,834.5232450125624,1192.1760643036605,0.0,4
5944,303.13496270998775,433.0499467285539,0.0,4
5950,343.0277129911845,490.0395899874064,0.0,4
5953,373.25347703037113,533.2192529005301,0.0,4
5955,1413.2662321327948,2018.9517601897066,0.0,4
5960,216.5447183422434,309.34959763177625,0.0,4
5963,361.8072994208997,516.8675706012853,0.0,4
5965,350.8644168669889,501.23488123855554,831.417771,4
5980,244.05899508828233,348.6557072689747,0.0,4
5983,285.65033756883076,408.0719108126154,0.0,4
5986,1393.5008704976383,1990.71552928234,0.0,4
6002,618.2646556626031,883.2352223751473,0.0,4
6008,324.4337123037184,463.47673186245476,0.0,4
6015,738.238426881473,1054.62632411639,0.0,4
6025,234.25224155762143,334.6460593680306,0.0,4
6037,591.8215864912592,845.4594092732274,0.0,4
6038,364.6821727408537,520.9745324869338,0.0,4
6039,306.3839497473451,437.69135678192157,0.0,4
6041,1147.9589650612415,1639.9413786589164,0.0,4
6047,329.9171543072425,471.31022043891784,0.0,4
6051,783.266075671884,1118.95153667412,0.0,4
6053,366.9415132592171,524.2021617988814,0.0,4
6056,921.3438485717634,1316.205497959662,0.0,4
6057,761.6707568003931,1088.1010811434185,0.0,4
6062,982.2624763552302,1403.2321090789003,0.0,4
6064,656.9512310718782,938.5017586741117,0.0,4
6068,327.5221901236669,467.88884303380985,0.0,4
6073,322.63339162441406,460.9048451777344,0.0,4
6076,328.1679132163003,468.81130459471467,0.0,4
6080,1592.3054584489225,2274.722083498461,0.0,4
6089,194.1644870809289,277.3778386870413,1625.913071,4
6090,230.36412479842633,329.09160685489474,0.0,4
6097,745.2884367185031,1064.6977667407189,3437.41636,4
6099,2414.3598960107224,3449.0855657296033,7801.45867,4
6116,223.347646792244,319.06806684606283,0.0,4
6120,238.87686471214582,341.25266387449403,2297.913359,4
6138,1706.2901985656672,2437.5574265223813,0.0,4
6146,896.7566624517417,1281.0809463596308,0.0,4
6147,2968.312179156021,4240.445970222887,0.0,4
6161,395.41343103434974,564.8763300490709,0.0,4
6163,327.2643439274449,467.52049132492124,0.0,4
6165,400.0401701522965,571.4859573604235,0.0,4
6175,1019.3300870054218,1456.1858385791738,0.0,4
6176,200.35072091608248,286.21531559440353,0.0,4
6181,685.9169871331226,979.881410190175,0.0,4
6182,257.00869811974366,367.1552830282052,0.0,4
6193,494.7484177541951,706.7834539345642,0.0,4
6198,2842.9288760939485,4061.3269658484974,32334.28596,4
6201,1257.284744514849,1796.1210635926413,0.0,4
6205,415.8117205807362,594.016743686766,0.0,4
6213,3894.4874684509014,5563.55352635843,0.0,4
6216,1226.4051057259203,1752.0072938941719,0.0,4
6218,313.2208121087457,447.4583030124938,0.0,4
6222,1297.9522230297912,1854.2174614711298,0.0,4
6223,467.92212557524243,668.4601793932034,0.0,4
6231,532.8207309235355,761.1724727479078,0.0,4
6237,965.9486523082388,1379.9266461546267,44074.7954,4
6245,511.43059998655843,730.6151428379407,0.0,4
6250,256.8664714876887,366.95210212526956,0.0,4
6255,3378.393883162368,4826.27697594624,0.0,4
6261,1431.7754267037915,2045.393466719702,0.0,4
6262,368.5861940583882,526.5517057976973,0.0,4
6268,800.0138444173783,1142.8769205962546,0.0,4
6282,488.6604488985242,698.0863555693202,0.0,4
6287,190.1566256455829,271.65232235083266,0.0,4
6290,249.1741534011277,355.9630762873253,0.0,4
6299,928.1024248179048,1325.860606882721,0.0,4
6300,473.9895820059179,677.1279742941683,0.0,4
6306,636.2969851155462,908.9956930222089,0.0,4
6313,402.19935157952784,574.5705022564683,0.0,4
6318,274.192218630455,391.7031694720785,0.0,4
6320,345.09639332711225,492.9948476101603,0.0,4
6322,495.56723373311405,707.9531910473057,0.0,4
6325,354.4511654225624,506.35880774651764,0.0,4
6327,172.64778754138212,246.6396964876887,0.0,4
6329,385.54343892330326,550.7763413190046,0.0,4
6331,1614.4503559654945,2306.3576513792773,0.0,4
6335,299.3472987447668,427.63899820680973,0.0,4
6364,235.19510241182232,335.99300344546043,0.0,4
6369,3702.0916930076514,5288.702418582359,0.0,4
6373,175.3905001349583,250.5578573356547,0.0,4
6377,1145.0998696230663,1635.8569566043805,0.0,4
6383,1116.2813148556343,1594.6875926509058,0.0,4
6385,365.3262823826245,521.894689118035,0.0,4
6393,531.3483001562632,759.069000223233,0.0,4
6395,401.47909293272244,573.5415613324606,0.0,4
6396,1007.0491097837693,1438.6415854053844,1651.636756,4
6398,1176.1732212327786,1680.2474589039693,0.0,4
6405,2101.5089585870387,3002.1556551243407,0.0,4
6408,1436.2936396445825,2051.8480566351177,0.0,4
6423,1184.3667592512775,1691.9525132161104,0.0,4
6426,913.6744051713669,1305.2491502448097,0.0,4
6439,221.25497221581628,316.07853173688034,0.0,4
6449,434.4105156487549,620.5864509267926,0.0,4
6463,422.0080262620111,602.86860894573,6137.093404,4
6464,3647.6373695284055,5210.910527897721,0.0,4
6469,905.0620170688858,1292.9457386698366,0.0,4
6470,1099.3002281784386,1570.4288973977693,0.0,4
6481,1933.7723520799075,2762.5319315427246,0.0,4
6482,228.62021142541087,326.6003020363012,0.0,4
6493,437.8068295439181,625.438327919883,0.0,4
6494,436.8276026072218,624.0394322960311,0.0,4
6503,445.6613739139105,636.6591055913007,0.0,4
6505,354.84039759129064,506.91485370184375,3942.665548,4
6519,218.81145915741277,312.58779879630396,0.0,4
6525,619.4364935417892,884.9092764882703,0.0,4
6528,178.4809314800588,254.97275925722687,0.0,4
6534,365.7588957161315,522.5127081659022,1344.327761,4
6540,2041.684317406843,2916.691882009776,0.0,4
6542,587.7076161229955,839.5823087471365,0.0,4
6544,2997.44988359596,4282.071262279942,0.0,4
6553,600.895955680519,858.4227938293129,0.0,4
6556,360.01825955835454,514.3117993690778,0.0,4
6561,4227.496600244007,6039.280857491437,0.0,4
6563,583.7647921121502,833.9497030173573,0.0,4
6564,579.5115611282856,827.8736587546936,0.0,4
6573,4725.278969462,6750.398527802856,0.0,4
6574,1043.7713427071071,1491.1019181530098,0.0,4
6577,579.1087725594551,827.2982465135073,0.0,4
6578,961.9979947488322,1374.2828496411887,0.0,4
6580,3165.6555168755153,4522.3650241078785,2780.571067,4
6588,209.4686546459366,299.24093520848083,0.0,4
6595,306.01698084058336,437.1671154865476,0.0,4
6597,434.73249207371236,621.0464172481604,227.6654898,4
6599,1205.759996930791,1722.5142813297011,0.0,4
6605,461.59399489370116,659.4199927052873,0.0,4
6611,319.5561700684587,456.50881438351234,0.0,4
6616,608.2743468621462,868.9633526602088,0.0,4
6627,3171.9162194475866,4531.308884925123,0.0,4
6629,2169.924938016302,3099.8927685947165,0.0,4
6633,310.0294301203425,442.89918588620355,0.0,4
6635,345.27354102281186,493.24791574687407,0.0,4
6636,850.5673639880216,1215.0962342686023,0.0,4
6643,436.58079005521216,623.6868429360173,0.0,4
6644,453.9465843435137,648.4951204907337,0.0,4
6645,680.0729087738224,971.5327268197462,0.0,4
6647,502.108980458406,717.2985435120085,0.0,4
6648,848.6772927998207,1212.3961325711723,0.0,4
6650,931.2706004875216,1330.3865721250306,0.0,4
6655,2027.0861117338231,2895.83730247689,0.0,4
6656,908.3306709983533,1297.6152442833618,14493.91986,4
6670,367.41929327788506,524.8847046826929,344.4370951,4
6679,848.0027119386982,1211.4324456267118,0.0,4
6680,190.9887820949798,272.8411172785425,0.0,4
6684,437.24445418775656,624.6349345539379,10808.21571,4
6690,572.9041445977988,818.4344922825696,0.0,4
6700,657.9662505767424,939.9517865382035,0.0,4
6704,992.8487655318221,1418.3553793311744,0.0,4
6706,959.956341803863,1371.366202576947,0.0,4
6707,2385.9423012400966,3408.4890017715666,0.0,4
6708,769.6967507548746,1099.5667867926777,0.0,4
6712,962.9624282729105,1375.6606118184436,1134.885178,4
6713,219.49187842202306,313.55982631717575,0.0,4
6718,534.1295136228939,763.0421623184197,0.0,4
6726,553.8704212862549,791.2434589803642,0.0,4
6728,511.6433892767764,730.9191275382519,0.0,4
6733,331.42853255733274,473.46933222476105,0.0,4
6736,451.48499447921614,644.9785635417372,0.0,4
6749,329.3112231779254,470.44460453989336,0.0,4
6758,268.64077017614727,383.77252882306755,0.0,4
6762,438.7325233741485,626.7607476773551,0.0,4
6775,244.2659735848246,348.9513908354637,0.0,4
6789,2216.218058496505,3166.0257978521495,0.0,4
6790,306.57805521531526,437.9686503075932,0.0,4
6791,1418.002123015736,2025.7173185939087,0.0,4
6794,173.25033615147495,247.5004802163928,0.0,4
6797,1179.8176018486372,1685.4537169266243,0.0,4
6802,373.5129321132,533.5899030188571,0.0,4
6806,372.62740651296076,532.3248664470867,0.0,4
6809,363.04555389371376,518.6365055624482,0.0,4
6811,1312.0483213381565,1874.3547447687947,0.0,4
6820,1614.697481513831,2306.710687876901,0.0,4
6825,257.0490244376511,367.21289205378724,0.0,4
6826,1765.0586589247,2521.512369892428,4494.404564,4
6834,224.67200973831143,320.96001391187343,0.0,4
6838,541.8668077367727,774.0954396239609,0.0,4
6845,192.14655042450576,274.4950720350082,7257.378635,4
6849,268.87004458200624,384.10006368858035,0.0,4
6857,392.58616128599044,560.8373732657006,0.0,4
6860,491.5150625476233,702.1643750680332,0.0,4
6873,894.0707678780391,1277.2439541114843,0.0,4
6874,311.09417531342183,444.4202504477454,0.0,4
6877,2209.8991083934266,3156.998726276324,0.0,4
6882,238.5572199925651,340.79602856080726,0.0,4
6884,254.48003828440892,363.5429118348698,276.3153827,4
6885,869.0048490545253,1241.4354986493217,0.0,4
6886,912.3607323893211,1303.3724748418872,0.0,4
6897,1103.3692654753527,1576.241807821932,0.0,4
6898,464.6371097832037,663.767299690291,0.0,4
6899,261.3300115031872,373.32858786169606,0.0,4
6902,2042.3717853753308,2917.673979107615,0.0,4
6912,275.17466097500426,393.1066585357203,0.0,4
6936,571.9225416313859,817.0322023305513,0.0,4
6941,605.1320294814104,864.4743278305862,471.9630325,4
6944,353.16317382454577,504.51881974935105,0.0,4
6945,585.749152878848,836.7845041126399,0.0,4
6951,4521.271982327882,6458.959974754117,0.0,4
6956,636.6031189771775,909.4330271102534,0.0,4
6957,1328.3200409314184,1897.6000584734547,0.0,4
6962,483.4756077114234,690.6794395877477,0.0,4
6976,187.00729368189513,267.1532766884216,0.0,4
6983,409.7943593796924,585.4205133995605,1586.117053,4
6984,324.7443095927863,463.9204422754089,0.0,4
6989,923.2394319744213,1318.913474249173,0.0,4
6994,463.66293574556073,662.375622493658,0.0,4
6997,622.5521399967071,889.3601999952957,0.0,4
6999,222.54712849978182,317.92446928540255,0.0,4
7017,1186.745735797368,1695.3510511390969,0.0,4
7037,1200.6674581141306,1715.2392258773293,0.0,4
7038,411.2637451394783,587.5196359135404,0.0,4
7045,2239.906689133596,3199.86669876228,5951.377297,4
7047,553.3010552121617,790.4300788745167,0.0,4
7051,512.620657876397,732.3152255377099,0.0,4
7056,235.23577615492528,336.05110879275037,0.0,4
7078,1291.846301761894,1845.4947168027059,0.0,4
7083,887.9744689370114,1268.5349556243018,0.0,4
7089,669.426332265328,956.3233318076115,759.9671399,4
7101,244.98422511511347,349.9774644501621,2988.618421,4
7108,279.2685549587291,398.95507851247015,11406.87858,4
7115,329.2831210541572,470.404458648796,0.0,4
7117,411.72908862800216,588.1844123257173,0.0,4
7124,621.6683408146097,888.0976297351566,0.0,4
7133,1771.5180535754448,2530.7400765363495,0.0,4
7138,260.6365403761305,372.33791482304355,0.0,4
7139,353.69547153454715,505.27924504935305,0.0,4
7143,1347.9898922528457,1925.6998460754937,0.0,4
7151,435.33826796513097,621.9118113787584,0.0,4
7157,860.6454657802584,1229.4935225432262,6271.549664,4
7165,531.2768054845611,758.9668649779443,2948.793473,4
7168,260.5350170537172,372.19288150531025,0.0,4
7169,2268.4332930559362,3240.6189900799086,0.0,4
7174,369.44410284877335,527.7772897839619,413.1642964,4
7178,409.7361647783537,585.337378254791,0.0,4
7179,274.19733713317385,391.7104816188197,0.0,4
7180,995.4839532174275,1422.1199331677535,0.0,4
7181,299.6895679980082,428.12795428286887,0.0,4
7186,332.6398917413311,475.1998453447586,0.0,4
7201,277.4913285471341,396.416183638763,0.0,4
7208,1539.753003054172,2199.6471472202456,1026.473996,4
7209,654.5303109408558,935.0433013440796,0.0,4
7213,980.4848618050777,1400.6926597215395,0.0,4
7216,1209.3509376945192,1727.6441967064557,0.0,4
7218,1017.8023930186325,1454.0034185980462,0.0,4
7220,258.6016959385837,369.4309941979767,0.0,4
7225,323.9248962074162,462.7498517248803,0.0,4
7227,2548.723598852032,3641.0337126457594,0.0,4
7235,661.8438570563643,945.4912243662346,0.0,4
7237,821.2252358891818,1173.1789084131167,0.0,4
7244,356.275539990656,508.9650571295085,0.0,4
7245,674.1895236934599,963.1278909906569,0.0,4
7246,3488.420071544513,4983.45724506359,0.0,4
7248,549.5503314215973,785.0719020308533,0.0,4
7252,241.46369274059515,344.9481324865645,0.0,4
7253,275.58345020630503,393.69064315186426,0.0,4
7258,2770.8076788379867,3958.2966840542663,0.0,4
7260,1390.2025781888196,1986.0036831268849,0.0,4
7267,1191.4281314134325,1702.0401877334748,0.0,4
7269,1237.4488885152975,1767.784126450425,0.0,4
7284,859.2017382579197,1227.431054654171,0.0,4
7287,748.2416336071399,1068.916619438771,6838.481022,4
7297,286.50568173177936,409.29383104539903,0.0,4
7300,273.3098817241548,390.44268817736395,0.0,4
7305,771.2508834642133,1101.7869763774474,0.0,4
7317,270.2070778977581,386.01011128251156,0.0,4
7325,1426.232407210959,2037.4748674442274,0.0,4
7326,354.1081206729246,505.86874381846366,0.0,4
7332,3333.9822229304764,4762.831747043537,2653.359091,4
7336,3077.230005975832,4396.042865679759,0.0,4
7338,1507.4103737164185,2153.4433910234548,0.0,4
7342,1957.1563567365583,2795.9376524807976,0.0,4
7343,996.3823896897786,1423.4034138425407,0.0,4
7345,455.1487828709805,650.2125469585435,943.366384,4
7346,350.2793469788166,500.39906711259505,0.0,4
7347,455.6685494627259,650.9550706610369,0.0,4
7352,1973.6587473269785,2819.5124961813976,0.0,4
7354,854.6332461626567,1220.9046373752237,0.0,4
7357,243.25866718140563,347.51238168772227,0.0,4
7370,479.42006587999924,684.8858083999988,0.0,4
7371,590.668369010353,843.8119557290756,0.0,4
7377,947.9172276482818,1354.1674680689741,0.0,4
7378,418.8033511418545,598.2905016312206,0.0,4
7382,324.73372375775335,463.90531965393336,0.0,4
7384,294.6726361680354,420.96090881147916,0.0,4
7392,219.41947353172102,313.45639075960145,4168.637704,4
7396,1009.8894220223335,1442.6991743176193,0.0,4
7405,747.899672292552,1068.4281032750744,0.0,4
7406,1839.5738948237506,2627.962706891072,0.0,4
7407,976.2785598877335,1394.6836569824764,0.0,4
7411,278.8948919425275,398.4212742036107,0.0,4
7412,1540.442691103845,2200.6324158626353,0.0,4
7422,258.00753550615667,368.58219358022376,0.0,4
7426,920.4994883421538,1314.9992690602196,0.0,4
7429,255.13090970174125,364.4727281453446,0.0,4
7431,266.380159689881,380.5430852712585,2331.568223,4
7438,1048.1691586424301,1497.3845123463284,0.0,4
7439,255.29319210645411,364.7045601520773,0.0,4
7450,452.50037539402365,646.4291077057479,0.0,4
7465,1462.7044673902208,2089.577810557458,2390.224226,4
7469,698.9173186752507,998.4533123932151,0.0,4
7472,185.8790136012975,265.5414480018535,0.0,4
7475,377.4863079948394,539.266154278342,0.0,4
7482,1345.410001903712,1922.0142884338743,0.0,4
7493,543.1768054191664,775.9668648845234,0.0,4
7501,860.1731445220707,1228.8187778886722,897.2010094,4
7505,566.8667892784798,809.8096989692567,0.0,4
7506,1299.2825209771672,1856.1178871102386,0.0,4
7508,982.3935740776427,1403.4193915394894,0.0,4
7509,721.5987048176307,1030.8552925966153,0.0,4
7511,6823.34085610203,9747.62979443147,2649.544147,4
7515,1423.100838215387,2033.0011974505528,0.0,4
7516,936.3059279384347,1337.5798970549065,0.0,4
7519,593.438153450611,847.7687906437301,0.0,4
7523,258.014409185461,368.5920131220871,0.0,4
7526,191.61755042236442,273.7393577462349,1527.502757,4
7532,450.8989967322922,644.1414239032745,0.0,4
7541,253.20747271841526,361.7249610263075,735.0930484,4
7551,3278.1618121363726,4683.088303051961,32622.25162,4
7569,420.4933087139568,600.704726734224,0.0,4
7571,3311.78374602637,4731.119637180528,0.0,4
7572,925.4651384018101,1322.0930548597285,0.0,4
7584,1028.958208851042,1469.940298358631,0.0,4
7593,2267.2548603228283,3238.9355147468973,0.0,4
7611,1037.1718063190422,1481.674009027203,0.0,4
7621,292.64545751235363,418.06493930336234,0.0,4
7623,487.1460238685282,695.9228912407544,0.0,4
7629,1642.3182001355353,2346.168857336479,0.0,4
7631,791.9422242093788,1131.3460345848266,1631.684303,4
7639,253.84365572543174,362.63379389347386,0.0,4
7642,210.49501539004368,300.7071648429195,0.0,4
7645,654.1308457675303,934.4726368107575,0.0,4
7651,486.8460507670672,695.4943582386674,0.0,4
7652,625.7649885383591,893.9499836262273,0.0,4
7664,225.36432285450016,321.9490326492859,0.0,4
7666,399.24356154595085,570.347945065644,0.0,4
7670,341.77692560981205,488.25275087116006,0.0,4
7671,1565.7025885705355,2236.7179836721934,0.0,4
7676,646.3858963863329,923.4084234090469,0.0,4
7680,4827.825504857073,6896.893578367246,0.0,4
7698,945.1137231043984,1350.1624615777118,7954.379242,4
7699,738.6908029255378,1055.2725756079112,0.0,4
7702,910.8817358189036,1301.2596225984335,0.0,4
7705,1763.4622922720805,2519.2318461029718,0.0,4
7716,277.46052893428634,396.3721841918376,938.7866136,4
7717,1977.4471122122977,2824.924446017568,0.0,4
7727,294.86163232040906,421.23090331487003,484.1786776,4
7729,647.1677688391544,924.5253840559348,0.0,4
7743,565.2237381311913,807.462483044559,0.0,4
7744,320.74051838321617,458.20074054745163,0.0,4
7747,245.60812277971291,350.86874682816125,0.0,4
7756,223.71419391964957,319.5917055994994,0.0,4
7758,204.10432164853438,291.57760235504907,0.0,4
7764,372.8338633164185,532.6198047377407,815.6054032,4
7765,214.8974845501244,306.9964065001777,0.0,4
7768,817.5059759304459,1167.865679900637,0.0,4
7786,2390.406805788379,3414.8668654119697,8706.195676,4
7793,772.8372925657983,1104.0532750939974,0.0,4
7799,693.8217317145957,991.1739024494223,0.0,4
7803,185.94348193349026,265.6335456192718,1290.60747,4
7808,935.8214323232711,1336.8877604618158,0.0,4
7820,3015.0028350486336,4307.146907212333,0.0,4
7821,594.8381847956882,849.7688354224116,0.0,4
7831,564.8281059348076,806.8972941925823,0.0,4
7836,202.61243077044375,289.44632967206246,0.0,4
7840,331.2729101133913,473.24701444770176,0.0,4
7846,737.5735123343995,1053.676446191999,0.0,4
7852,250.41568801828737,357.7366971689819,0.0,4
7855,333.7584217546424,476.7977453637749,0.0,4
7859,2193.287153068468,3133.267361526382,0.0,4
7868,1489.4768175806162,2127.824025115166,0.0,4
7872,208.0686243257626,297.2408918939465,0.0,4
7881,203.4352069454059,290.62172420772265,0.0,4
7885,373.29818894363575,533.2831270623368,0.0,4
7886,2169.772440742313,3099.674915346161,0.0,4
7888,399.9337267783574,571.3338953976534,0.0,4
7890,210.58234716719625,300.83192452456603,0.0,4
7893,452.8512398625162,646.9303426607373,0.0,4
7903,2294.510910305855,3277.872729008364,0.0,4
7915,223.43262400454145,319.18946286363064,0.0,4
7926,955.4479035922674,1364.9255765603818,0.0,4
7927,1320.1755984199085,1885.9651405998688,10154.36156,4
7935,295.4769609320624,422.1099441886605,0.0,4
7940,370.608554910134,529.4407927287629,0.0,4
7951,590.6495301063559,843.7850430090798,0.0,4
7954,615.4683902228118,879.2405574611596,0.0,4
7976,1476.4365254687764,2109.1950363839665,0.0,4
7977,706.590804867838,1009.4154355254827,0.0,4
7979,570.0919664054654,814.4170948649506,0.0,4
7982,1603.6732805767206,2290.961829395315,0.0,4
7985,303.29489021503036,433.2784145929005,0.0,4
7986,231.32104961679266,330.45864230970375,0.0,4
7988,197.44035687375492,282.0576526767927,0.0,4
7990,976.0746476931245,1394.3923538473205,0.0,4
7992,2492.075763561269,3560.1082336589557,0.0,4
8002,1174.3101069879099,1677.5858671255853,1317.342327,4
8004,981.4622233841802,1402.0888905488289,0.0,4
8013,342.9786009812026,489.96942997314653,0.0,4
8015,1443.1210563048328,2061.601509006904,0.0,4
8020,1120.5943737024013,1600.8491052891445,0.0,4
8029,443.80585773000104,634.0083681857157,0.0,4
8031,1702.7057271467233,2432.4367530667473,0.0,4
8037,1169.6397408936864,1670.9139155624089,0.0,4
8043,1179.677856669312,1685.2540809561597,844.0212636,4
8045,432.00794271417124,617.1542038773874,0.0,4
8047,329.8708271780653,471.24403882580754,0.0,4
8048,383.12311916549044,547.3187416649863,0.0,4
8051,276.5187662971326,395.02680899590365,333.7813698,4
8052,2389.7024952365205,3413.8607074807433,0.0,4
8055,614.5403641734641,877.9148059620916,0.0,4
8056,755.2002978954004,1078.8575684220004,0.0,4
8057,284.7921635623563,406.8459479462232,0.0,4
8060,894.2106884362274,1277.4438406231818,0.0,4
8061,500.2593854852577,714.6562649789395,0.0,4
8069,392.987956068518,561.4113658121685,0.0,4
8076,853.3964334970182,1219.1377621385973,2309.392782,4
8091,547.7351738347533,782.4788197639331,0.0,4
8095,736.8829389778963,1052.6899128255661,0.0,4
8101,933.8284827367941,1334.0406896239915,9659.0159968,4
8102,1217.7640874504623,1739.6629820720887,0.0,4
8108,231.43486649557514,330.6212378508216,0.0,4
8117,746.9575221306492,1067.082174472356,918.8267556,4
8119,517.3018336459319,739.0026194941883,0.0,4
8120,304.4031956753865,434.86170810769494,0.0,4
8122,486.2270072222158,694.610010317451,0.0,4
8126,913.9988246261323,1305.7126066087603,0.0,4
8130,185.37813082704423,264.82590118149176,0.0,4
8132,228.79105152955725,326.8443593279389,0.0,4
8133,201.4130224689903,287.7328892414147,0.0,4
8146,232.20715735744156,331.72451051063075,0.0,4
8149,250.99153414395172,358.55933449135955,0.0,4
8151,853.8742844489451,1219.820406355636,0.0,4
8172,1747.777051304244,2496.8243590060624,0.0,4
8175,470.67629029274656,672.3947004182093,0.0,4
8176,310.3120134585986,443.3028763694265,0.0,4
8182,341.6409661461092,488.0585230658702,0.0,4
8183,2132.0599274201304,3045.7998963144714,3138.824865,4
8190,863.7251168048151,1233.8930240068787,0.0,4
8194,4393.824506942467,6276.892152774953,0.0,4
8195,377.70392759546047,539.5770394220864,0.0,4
8199,909.9788695281367,1299.9698136116235,0.0,4
8212,294.98145949656265,421.40208499508947,3581.957447,4
8213,1359.8850210826201,1942.692887260886,0.0,4
8215,532.7966705257903,761.138100751129,0.0,4
8218,1524.0259590179755,2177.1799414542506,0.0,4
8222,584.637531756525,835.1964739378928,0.0,4
8223,346.5277209966039,495.03960142371983,0.0,4
8225,237.42742995684216,339.18204279548877,0.0,4
8230,1744.83248098775,2492.6178299824996,0.0,4
8232,526.6886494655447,752.4123563793495,0.0,4
8233,1005.1804693420178,1435.9720990600254,0.0,4
8234,444.16269402978844,634.5181343282692,0.0,4
8245,795.9564218520803,1137.080602645829,1209.476466,4
8247,1318.901212107641,1884.1445887252012,0.0,4
8248,206.18936308259129,294.5562329751304,0.0,4
8250,1068.2419606970498,1526.059943852928,0.0,4
8256,522.419410783076,746.3134439758229,0.0,4
8261,1032.9315981465722,1475.6165687808175,0.0,4
8268,299.2370393094946,427.4814847278494,787.2953874,4
8278,2143.8423055309863,3062.6318650442663,0.0,4
8282,1296.629531575309,1852.3279022504414,0.0,4
8297,3482.4849328726777,4974.978475532396,0.0,4
8299,340.1450810614976,485.92154437356794,311.8061131,4
8301,350.5023959070639,500.71770843866267,0.0,4
8302,1638.5721348712063,2340.8173355302943,8194.406909,4
8303,1099.1507055078807,1570.2152935826866,0.0,4
8309,2137.335514735503,3053.3364496221466,0.0,4
8310,313.27453421024325,447.53504887177604,0.0,4
8320,1187.6151906848406,1696.5931295497721,0.0,4
8324,484.9401838069012,692.7716911527159,0.0,4
8342,958.3771408804198,1369.1102012577426,3770.285226,4
8343,507.92065462048373,725.6009351721195,0.0,4
8352,536.5923173353927,766.5604533362753,0.0,4
8362,349.5181302790763,499.3116146843946,0.0,4
8368,273.2163367328218,390.3090524754597,0.0,4
8371,909.5452789240526,1299.3503984629322,1258.1996246,4
8380,348.51053848024515,497.8721978289216,0.0,4
8381,356.12550388364673,508.750719833781,0.0,4
8383,563.8695266623115,805.5278952318735,0.0,4
8384,828.1862410648582,1183.1232015212258,0.0,4
8386,626.6221413131454,895.1744875902078,0.0,4
8389,6255.897803674839,8936.996862392629,0.0,4
8391,514.6754560625646,735.2506515179493,1520.946535,4
8395,899.7073134217158,1285.2961620310225,0.0,4
8405,368.3162739851653,526.1661056930932,0.0,4
8406,362.40984706657673,517.7283529522524,0.0,4
8411,232.78532479463217,332.5504639923317,0.0,4
8412,416.5625004959646,595.0892864228066,0.0,4
8418,1165.9039307997714,1665.5770439996732,0.0,4
8424,1016.8823435688716,1452.6890622412452,0.0,4
8425,395.5125631234189,565.0179473191698,0.0,4
8432,4620.998903927306,6601.427005610437,4780.00314,4
8434,221.2133484678712,316.01906923981596,725.5788704,4
8435,2500.943840051224,3572.7769143588916,0.0,4
8437,1593.4303082377394,2276.3290117681986,0.0,4
8442,2366.6203081675935,3380.886154525133,0.0,4
8461,2330.389370727453,3329.1276724677896,2808.864915,4
8463,743.2722923565391,1061.8175605093415,0.0,4
8465,1896.5599534004443,2709.3713620006347,0.0,4
8467,770.1714316495669,1100.2449023565239,1173.17662,4
8469,2189.031274357583,3127.1875347965465,1438.768501,4
8478,594.0080421181159,848.582917311594,0.0,4
8484,1900.5272913365466,2715.0389876236377,1602.599895,4
8487,230.51305448144853,329.30436354492645,0.0,4
8491,218.80380493617886,312.5768641945412,0.0,4
8497,755.935383542224,1079.9076907746057,772.8669874,4
8508,172.56403417648926,246.52004882355607,0.0,4
8509,1425.922849729414,2037.0326424705913,0.0,4
8525,578.3628705826042,826.232672260863,0.0,4
8529,685.6295920684727,979.4708458121038,0.0,4
8537,272.9535924006649,389.93370342952124,0.0,4
8542,3246.6463460864647,4638.06620869495,0.0,4
8546,1580.546722546344,2257.92388935192,0.0,4
8553,805.5468764463913,1150.781252066273,0.0,4
8554,574.5812274666416,820.8303249523451,0.0,4
8560,428.1077889395394,611.5825556279133,0.0,4
8561,303.25979660991567,433.2282808713081,0.0,4
8563,198.0294370066198,282.89919572374254,0.0,4
8567,278.79753219871355,398.28218885530504,0.0,4
8574,503.47265005020495,719.2466429288642,0.0,4
8577,996.9026343217153,1424.1466204595931,0.0,4
8597,1084.7863905071779,1549.6948435816826,0.0,4
8604,362.2654616967559,517.5220881382227,0.0,4
8610,298.02949355436573,425.75641936337956,0.0,4
8613,1239.4266656671807,1770.6095223816865,2469.409009,4
8615,351.08589011591675,501.5512715941668,0.0,4
8617,937.6342470453609,1339.477495779087,0.0,4
8631,2722.2194068716603,3888.8848669595145,2906.023213,4
8648,712.0641176847303,1017.2344538353288,0.0,4
8656,549.7466132041102,785.3523045773002,0.0,4
8669,458.71881460837284,655.3125922976753,0.0,4
8680,1499.2504065578335,2141.786295082619,0.0,4
8681,434.3211656951639,620.4588081359484,0.0,4
8701,3453.835427747372,4934.050611067673,0.0,4
8705,901.8972356372453,1288.4246223389218,826.0600008,4
8708,264.1857114642075,377.40815923458206,55541.02145,4
8718,525.1756685751943,750.2509551074204,0.0,4
8724,326.6371302037779,466.6244717196827,0.0,4
8746,2621.1283208284917,3744.469029754988,18087.538039,4
8753,541.2645859868281,773.2351228383259,0.0,4
8754,651.5587929108879,930.7982755869825,0.0,4
8757,229.38179559626346,327.6882794232335,0.0,4
8758,375.3867406974941,536.2667724249915,0.0,4
8760,339.9825792708675,485.68939895838207,0.0,4
8775,221.66752343311333,316.6678906187333,0.0,4
8776,178.06549259320389,254.37927513314838,0.0,4
8778,204.44389765763927,292.06271093948465,5793.451666,4
8783,1267.7648799765966,1811.092685680852,0.0,4
8788,558.8561630147301,798.3659471639,596.1743712,4
8789,1275.3234785823433,1821.890683689062,0.0,4
8798,198.36408797763448,283.37726853947777,0.0,4
8806,565.6280273740123,808.0400391057317,0.0,4
8812,400.605549933977,572.2936427628242,0.0,4
8816,404.4097003270524,577.7281433243605,2309.886182,4
8818,377.57264404723685,539.3894914960526,0.0,4
8822,258.23168708438476,368.9024101205496,0.0,4
8830,2404.794083889454,3435.420119842077,0.0,4
8835,223.50267419425734,319.2895345632248,0.0,4
8839,236.66645322730147,338.09493318185923,0.0,4
8840,2628.7841756589223,3755.4059652270316,3528.491094,4
8850,2002.6587783103905,2860.9411118719863,0.0,4
8859,238.52192021057743,340.7456003008249,0.0,4
8861,978.5833669494253,1397.9762384991789,0.0,4
8874,273.3008567861872,390.4297954088388,0.0,4
8879,628.387379640766,897.6962566296656,2188.791479,4
8886,507.80444026109853,725.434914658712,8029.312078,4
8888,198.4276257734018,283.46803681914537,0.0,4
8898,360.6106746367079,515.1581066238684,2324.520644,4
8902,453.92640014425405,648.4662859203628,0.0,4
8908,561.7980486176997,802.5686408824281,0.0,4
8912,1982.987460708946,2832.839229584208,5150.965253,4
8923,223.99656980723773,319.99509972462533,0.0,4
8926,260.9002110292965,372.7145871847092,0.0,4
8935,4638.425565559778,6626.322236513967,237.4072302,4
8948,687.8643949518892,982.6634213598415,0.0,4
8959,1347.206944745007,1924.5813496357239,0.0,4
8962,1423.0001761306107,2032.8573944723012,0.0,4
8966,1111.449577867218,1587.7851112388828,0.0,4
8970,1619.4053168566804,2313.4361669381146,0.0,4
8971,1058.196254195599,1511.7089345651414,766.8966056,4
8987,1547.2332588269458,2210.3332268956365,5842.12598,4
8990,189.00796998547332,270.0113856935333,0.0,4
8996,1526.8111924619548,2181.158846374221,0.0,4
8997,687.0683769365568,981.5262527665095,0.0,4
8999,561.1097389158367,801.5853413083382,1426.696963,4
9001,974.2077286601694,1391.7253266573848,0.0,4
9005,1988.4180008152312,2840.5971440217586,0.0,4
9010,497.5281383228469,710.7544833183528,0.0,4
9014,214.1637247576321,305.94817822518866,0.0,4
9017,442.74116964876464,632.4873852125208,0.0,4
9021,297.8276281084363,425.468040154909,0.0,4
9025,422.08653442341927,602.9807634620274,0.0,4
9029,2379.978887047097,3399.96983863871,0.0,4
9031,490.2955954338138,700.4222791911625,0.0,4
9032,566.9353283610078,809.9076119442968,0.0,4
9037,385.5543945063131,550.7919921518758,0.0,4
9047,296.3690301849161,423.3843288355944,0.0,4
9050,1538.450028669098,2197.785755241568,10231.34729,4
9051,1015.521811031706,1450.7454443310085,0.0,4
9062,724.1892761066366,1034.5561087237666,0.0,4
9064,241.31478834549358,344.73541192213366,0.0,4
9068,201.19827805136464,287.42611150194944,0.0,4
9073,401.3672242134595,573.3817488763707,0.0,4
9075,1548.9971987068734,2212.853141009819,0.0,4
9087,593.8038807911539,848.291258273077,0.0,4
9091,593.6564482350825,848.080640335832,0.0,4
9098,610.8150110419349,872.5928729170498,0.0,4
9102,429.20547701900455,613.1506814557207,0.0,4
9109,1338.2839414610366,1911.834202087195,0.0,4
9110,822.1902670473299,1174.5575243533283,0.0,4
9124,1002.6573834279093,1432.3676906112987,0.0,4
9127,1528.48491244641,2183.5498749234425,0.0,4
9131,284.64341243681883,406.6334463383125,0.0,4
9136,914.3684934697778,1306.2407049568255,0.0,4
9141,385.2055592192235,550.2936560274621,173.1371646,4
9147,589.2672707651697,841.8103868073852,0.0,4
9154,551.6783191336668,788.1118844766668,0.0,4
9164,197.84377265773463,282.63396093962086,0.0,4
9165,230.27729770173553,328.96756814533643,0.0,4
9167,262.69918248741175,375.2845464105882,0.0,4
9181,1193.0843837036828,1704.4062624338321,0.0,4
9182,1232.6609615563045,1760.9442307947206,0.0,4
9184,1502.763903633176,2146.8055766188227,0.0,4
9189,207.0587810155391,295.7982585936273,0.0,4
9193,803.4508127032632,1147.786875290376,0.0,4
9194,633.6169876550623,905.1671252215174,0.0,4
9205,960.6068018827034,1372.2954312610048,0.0,4
9206,555.5716516392204,793.673788056029,0.0,4
9209,217.76998446105364,311.09997780150513,0.0,4
9216,716.4930577050517,1023.5615110072166,0.0,4
9217,376.2836471291909,537.5480673274155,0.0,4
9219,286.1561874470176,408.7945534957394,0.0,4
9223,229.15554445248773,327.36506350355387,1149.430909,4
9235,1790.268509625835,2557.526442322621,19855.24853,4
9240,454.117535153795,648.7393359339928,6234.310344,4
9241,899.513790407797,1285.019700582567,0.0,4
9242,738.7980533056648,1055.4257904366639,0.0,4
9245,1368.28574406313,1954.6939200901857,728.2985332,4
9249,492.2344858472327,703.1921226389038,0.0,4
9250,290.267958892793,414.66851270398996,0.0,4
9253,382.6226052913034,546.6037218447191,0.0,4
9254,479.188431987882,684.5549028398314,0.0,4
9267,2968.078272916367,4240.111818451953,0.0,4
9275,1261.8153143094867,1802.5933061564094,0.0,4
9285,463.37810264186487,661.9687180598069,0.0,4
9288,1019.492884862629,1456.4184069466128,0.0,4
9289,585.7119902277434,836.7314146110621,0.0,4
9299,856.7114035079868,1223.873433582838,0.0,4
9302,250.9865597236302,358.5522281766145,0.0,4
9306,2607.9204339477888,3725.600619925412,0.0,4
9307,373.5950349024134,533.7071927177333,0.0,4
9313,1034.9628674104545,1478.5183820149348,0.0,4
9316,316.96707528002565,452.8101075428937,691.7972784,4
9327,3132.1537598671052,4474.505371238722,0.0,4
9331,1667.0585240491012,2381.5121772130015,0.0,4
9335,310.4952687737017,443.5646696767167,0.0,4
9345,1316.578372412564,1880.8262463036626,0.0,4
9346,562.4627649099442,803.5182355856346,0.0,4
9349,190.61539034927512,272.30770049896444,0.0,4
9351,1671.9786848841634,2388.5409784059475,8646.096216,4
9359,289.63806944377967,413.7686706339709,0.0,4
9366,592.620623024858,846.6008900355113,0.0,4
9370,1197.7695738812945,1711.099391258992,0.0,4
9372,326.61431746792994,466.5918820970427,0.0,4
9379,888.318814253491,1269.026877504987,0.0,4
9387,213.52124380990594,305.03034829986564,0.0,4
9392,790.7297967903378,1129.6139954147682,1038.294109,4
9410,1531.5658772595027,2187.9512532278604,0.0,4
9411,219.4198946629415,313.4569923756307,0.0,4
9413,1685.1140813471447,2407.305830495921,0.0,4
9417,286.2042581167866,408.8632258811237,0.0,4
9419,483.88238815299894,691.2605545042841,0.0,4
9424,231.59247810516794,330.846397293097,0.0,4
9426,260.9862290527028,372.83747007528973,0.0,4
9429,1498.5336472323352,2140.7623531890504,0.0,4
9430,503.57736201629274,719.3962314518467,1725.749125,4
9433,250.2563676421132,357.5090966315902,0.0,4
9434,1319.649971901527,1885.2142455736098,0.0,4
9440,408.3867610356667,583.409658622381,0.0,4
9441,1909.6570878710677,2728.081554101525,0.0,4
9443,452.78252844401356,646.832183491448,0.0,4
9453,316.6844824162574,452.40640345179634,1266.448946,4
9455,439.718863455674,628.1698049366771,0.0,4
9458,229.70113789509952,328.14448270728496,0.0,4
9459,255.48293470661883,364.9756210094555,0.0,4
9460,344.7894299409288,492.55632848704107,1689.19929,4
9463,198.60684821049577,283.7240688721368,0.0,4
9464,263.8764022382832,376.96628891183315,0.0,4
9468,3195.9098946940107,4565.5855638485855,0.0,4
9481,593.7437702272658,848.2053860389511,0.0,4
9482,240.498733377886,343.5696191112657,0.0,4
9483,294.449255469396,420.6417935277085,0.0,4
9485,388.0901883341691,554.4145547630987,5094.74283,4
9486,1265.7597445632714,1808.228206518959,0.0,4
9487,1014.0701926743353,1448.6717038204788,0.0,4
9489,573.3794143538486,819.1134490769264,0.0,4
9495,688.6834354381745,983.8334791973919,0.0,4
9496,904.7037019929517,1292.4338599899306,0.0,4
9500,1438.7579926424382,2055.3685609177687,0.0,4
9501,290.37159144726917,414.8165592103845,0.0,4
9505,832.5924298680635,1189.4177569543763,10392.89261,4
9519,788.5023477539173,1126.4319253627389,0.0,4
9525,2690.7628548628713,3843.9469355183874,0.0,4
9526,599.898250641476,856.9975009163943,1104.345332,4
9527,331.9440007026642,474.2057152895202,0.0,4
9530,274.0743168312745,391.53473833039203,2701.450936,4
9534,359.3134511360485,513.3049301943549,0.0,4
9540,902.1715219853457,1288.8164599790653,560.4627543,4
9541,196.37045711382558,280.5292244483222,0.0,4
9545,805.1807793076341,1150.2582561537629,0.0,4
9547,309.1734904679936,441.6764149542765,0.0,4
9559,322.15967480765556,460.22810686807935,0.0,4
9567,900.3179175709955,1286.1684536728508,1927.517727,4
9568,369.81051758523,528.3007394074714,0.0,4
9577,1166.0540031829487,1665.7914331184982,1415.601978,4
9578,319.6371172430264,456.6244532043234,0.0,4
9579,413.5260193222455,590.7514561746364,0.0,4
9587,181.58886720082285,259.4126674297469,0.0,4
9588,1343.7137011599818,1919.5910016571167,0.0,4
9589,1147.49869059779,1639.2838437111286,0.0,4
9595,263.25269113924094,376.0752730560584,499.5256334,4
9598,367.9555773513689,525.6508247876698,0.0,4
9599,874.101766126244,1248.7168087517769,0.0,4
9602,2365.1368086336515,3378.7668694766444,641.2238735,4
9604,293.94429926068307,419.9204275152615,0.0,4
9607,272.74575646128443,389.636794944692,0.0,4
9616,421.2005940647014,601.7151343781449,0.0,4
9620,405.87090067010917,579.8155723858702,0.0,4
9621,2020.7558313976094,2886.7940448537274,15727.99855,4
9624,1329.1886557027067,1898.8409367181523,0.0,4
9628,1551.277223591012,2216.1103194157313,1215.144289,4
9635,453.2300272990551,647.4714675700786,0.0,4
9639,426.73790607154353,609.625580102205,0.0,4
9643,352.51488036282865,503.5926862326123,0.0,4
9645,441.6949076282598,630.9927251832282,474.1396236,4
9685,366.84496650254465,524.064237860778,624.2010173,4
9686,733.5383810265678,1047.9119728950968,0.0,4
9689,1822.5296821457464,2603.61383163678,1919.054217,4
9692,503.88536924489955,719.8362417784278,0.0,4
9694,535.6233007613253,765.1761439447503,0.0,4
9695,1626.7228685736268,2323.8898122480377,6021.111514,4
9699,903.5135796661702,1290.733685237386,0.0,4
9703,5401.8897167748055,7716.985309678292,0.0,4
9711,942.412614526926,1346.3037350384654,0.0,4
9712,330.7836294895211,472.54804212788724,0.0,4
9717,180.45292905518542,257.78989865026483,0.0,4
9721,2124.390074345451,3034.842963350644,5375.959696,4
9728,505.12452559877283,721.6064651411041,0.0,4
9736,279.3796186624465,399.1137409463521,0.0,4
9745,990.2069387318818,1414.5813410455453,0.0,4
9756,1363.6985534241962,1948.1407906059944,0.0,4
9757,2828.729978026416,4041.0428257520225,0.0,4
9789,1174.0884102723955,1677.2691575319934,0.0,4
9795,617.9502082976314,882.7860118537592,0.0,4
9796,708.2934590486841,1011.8477986409771,0.0,4
9799,1702.3390324283523,2431.9129034690745,0.0,4
9807,1428.685664965687,2040.9795213795526,0.0,4
9814,372.1003665998694,531.5719522855277,0.0,4
9822,705.7018488887838,1008.1454984125481,0.0,4
9825,188.89381852983348,269.8483121854764,0.0,4
9837,200.6218105769642,286.60258653852026,0.0,4
9841,291.093131284257,415.8473304060814,0.0,4
9851,714.4309379203205,1020.6156256004576,0.0,4
9856,321.01554012038514,458.5936287434073,0.0,4
9859,918.9105659027623,1312.7293798610888,0.0,4
9864,1211.073535800354,1730.1050511433627,0.0,4
9866,598.6830662882576,855.2615232689393,0.0,4
9868,794.9922269276384,1135.7031813251976,0.0,4
9871,1094.7237187840183,1563.8910268343116,0.0,4
9877,341.27134229353703,487.53048899076714,0.0,4
9881,301.3639465005045,430.51992357214925,0.0,4
9888,356.69783565049534,509.56833664356475,0.0,4
9893,1314.4168944094388,1877.7384205849125,0.0,4
9898,263.10365781000996,375.86236830001417,0.0,4
9899,1077.6010147204456,1539.4300210292079,148.5097915,4
9902,882.865071837447,1261.2358169106383,0.0,4
9905,357.0280231671032,510.04003309586165,0.0,4
9906,766.399979722967,1094.8571138899529,0.0,4
9913,1274.018889366524,1820.02698480932,0.0,4
9916,434.0776917004184,620.1109881434548,0.0,4
9919,900.8049603343954,1286.8642290491362,0.0,4
9921,335.58886337260344,479.412661960862,0.0,4
9925,521.5575379361251,745.0821970516072,0.0,4
9937,487.9670873823203,697.0958391176003,0.0,4
9942,497.64449642318436,710.9207091759777,0.0,4
9947,549.505875164339,785.0083930919128,0.0,4
9948,3276.5003304877937,4680.714757839705,0.0,4
9953,1125.5277772575064,1607.8968246535806,0.0,4
9970,615.0095270541401,878.5850386487715,0.0,4
9973,923.3118555969334,1319.0169365670477,0.0,4
9975,340.022060491496,485.7458007021371,0.0,4
9976,305.7534938646816,436.7907055209737,0.0,4
9979,1571.868918805778,2245.5270268653967,1037.9246,4
9981,718.1305855504531,1025.900836500647,0.0,4
9991,534.502431207349,763.5749017247841,0.0,4
9992,668.8556822532909,955.5081175047011,940.1653337,4
9993,1810.1786294272756,2585.9694706103937,0.0,4
9998,331.39203908384854,473.41719869121215,0.0,4
