coverage,risk_tier,records,average_pricing_frequency,average_pricing_severity,average_expected_loss,tier_base_pure_premium,average_relativity,average_technical_premium
Additional Living Expense,1,4512,0.05320172436876623,4090.21788149144,248.70731391288876,248.54983873822667,1.0006335758472487,355.2961627326982
Additional Living Expense,2,2209,0.05188254428654641,4815.246234508328,284.56194458016506,277.73888466338747,1.0245664553778522,406.51706368595
Additional Living Expense,3,3279,0.05115741300803158,5350.999092702093,310.1073642989612,306.86039180796394,1.0105812694556855,443.01052042708744
Guest Medical,1,4512,0.02284724611627834,12358.16835055267,331.97971806543904,330.60038475907214,1.0041722072022756,474.25674009348427
Guest Medical,2,2209,0.024685681365988022,14768.397203658838,424.8668299199343,420.5439940743962,1.0102791524940273,606.9526141713345
Guest Medical,3,3279,0.021270341611961015,16080.987342567692,400.52474176134274,396.4471659237454,1.0102852944555583,572.1782025162039
Liability,1,4512,0.008350583719216606,7330.67010200414,62.315244376479555,58.00016247255189,1.0743977554540427,89.02177768068508
Liability,2,2209,0.008752915117601897,7247.987696993193,64.32597915257361,60.13490092731534,1.0696946059713974,91.894255932248
Liability,3,3279,0.00838056962416534,8025.850151068961,68.37767835583622,71.3190811399214,0.9587571413277968,97.6823976511946
Personal Property,1,4512,0.10297119511814211,837.646526278263,97.18157274119288,97.22788564548915,0.9995236664462175,138.83081820170412
Personal Property,2,2209,0.09620136837478592,1003.4471362255115,107.98739072854877,105.69306650996243,1.0217074240945605,154.26770104078398
Personal Property,3,3279,0.07785432511387044,1053.425681917931,92.02308149223323,91.09206325641513,1.0102206295755687,131.4615449889046
