Coverage,Model,ROC_AUC,PR_AUC,Accuracy,Precision,Recall,F1,Brier,LogLoss,Observed_Frequency,Mean_Predicted_Probability
Additional Living Expense,Logistic,0.5991873292032106,0.08034258676744016,0.9445,0.0,0.0,0.0,0.05209408605254582,0.21136420203644735,0.0555,0.05126991752913673
Additional Living Expense,Balanced_Logistic_Calibrated,0.5993113282684485,0.07909868810863573,0.9445,0.0,0.0,0.0,0.05212778452514912,0.2116576106869661,0.0555,0.05105290954352637
Additional Living Expense,Random_Forest,0.5232426709398652,0.05773365508238332,0.9445,0.0,0.0,0.0,0.05303423051624784,0.2204170003330496,0.0555,0.05208554491397236
Additional Living Expense,Gradient_Boosting,0.5753723548853247,0.07454114278313506,0.9445,0.0,0.0,0.0,0.0522839593715014,0.21301425281669287,0.0555,0.05137474063674
Guest Medical,Logistic,0.6129503927595628,0.0533120251313598,0.976,0.0,0.0,0.0,0.02327685785057253,0.11099325818909657,0.024,0.02264587942072138
Guest Medical,Balanced_Logistic_Calibrated,0.6016051912568307,0.05342600942444391,0.976,0.0,0.0,0.0,0.02331763949334709,0.11140116016629541,0.024,0.02257624882758924
Guest Medical,Random_Forest,0.6194608094262295,0.07929602538972422,0.976,0.0,0.0,0.0,0.023269317673871803,0.11245300575286814,0.024,0.022572932391697963
Guest Medical,Gradient_Boosting,0.6340718920765027,0.054146836739466866,0.976,0.0,0.0,0.0,0.023320491074887803,0.10983015317167388,0.024,0.023059363578175743
Liability,Logistic,0.5788911631218296,0.011342077591160309,0.9915,0.0,0.0,0.0,0.008491524489477377,0.05012599065720745,0.0085,0.00860409098705341
Liability,Balanced_Logistic_Calibrated,0.5991516122333955,0.01140007741574807,0.9915,0.0,0.0,0.0,0.008433514223669588,0.048884136672639626,0.0085,0.008499832721367395
Liability,Random_Forest,0.5940790839785233,0.013991024432209218,0.9915,0.0,0.0,0.0,0.008490237700113345,0.05115996570296545,0.0085,0.00880276471065401
Liability,Gradient_Boosting,0.5904452552579277,0.013028576688842063,0.9915,0.0,0.0,0.0,0.008473549765726056,0.04946658583222266,0.0085,0.008427676763713043
Personal Property,Logistic,0.5836919680852664,0.14424009251358105,0.9085,0.0,0.0,0.0,0.0819483512258241,0.30030852185522494,0.0915,0.09429827670317119
Personal Property,Balanced_Logistic_Calibrated,0.5818003013434142,0.1459526670651728,0.9085,0.0,0.0,0.0,0.0819516727006972,0.3002647401446995,0.0915,0.09392967856975114
Personal Property,Random_Forest,0.590306786843142,0.1282846919316044,0.9085,0.0,0.0,0.0,0.08265797749263414,0.30379593119629705,0.0915,0.09401164450997154
Personal Property,Gradient_Boosting,0.5816905305388392,0.14479277152062955,0.9085,0.0,0.0,0.0,0.08197135061215857,0.300467543208529,0.0915,0.09398973557711153
