Coverage,Model,decile,records,claims,observed_frequency,predicted_frequency,observed_lift
Additional Living Expense,Logistic,10,200,16,0.08,0.09845397231486208,1.4414414414414414
Additional Living Expense,Logistic,9,200,20,0.1,0.07348140877083992,1.8018018018018018
Additional Living Expense,Logistic,8,200,15,0.075,0.05807013578977346,1.3513513513513513
Additional Living Expense,Logistic,7,200,13,0.065,0.051100920057356204,1.1711711711711712
Additional Living Expense,Logistic,6,200,6,0.03,0.04628871893037086,0.5405405405405405
Additional Living Expense,Logistic,5,200,6,0.03,0.04297091347329984,0.5405405405405405
Additional Living Expense,Logistic,4,200,11,0.055,0.039971415634654166,0.990990990990991
Additional Living Expense,Logistic,3,200,9,0.045,0.037170788545800686,0.8108108108108107
Additional Living Expense,Logistic,2,200,8,0.04,0.03461658008003371,0.7207207207207207
Additional Living Expense,Logistic,1,200,7,0.035,0.03057432169437643,0.6306306306306306
Guest Medical,Random_Forest,10,200,10,0.05,0.0538905676810958,2.0833333333333335
Guest Medical,Random_Forest,9,200,6,0.03,0.03866979131894514,1.25
Guest Medical,Random_Forest,8,200,8,0.04,0.03202346691386224,1.6666666666666667
Guest Medical,Random_Forest,7,200,6,0.03,0.02685402739184788,1.25
Guest Medical,Random_Forest,6,200,3,0.015,0.02236232306968089,0.625
Guest Medical,Random_Forest,5,200,2,0.01,0.018090840096083687,0.4166666666666667
Guest Medical,Random_Forest,4,200,0,0.0,0.013912187599556432,0.0
Guest Medical,Random_Forest,3,200,6,0.03,0.010251013483644555,1.25
Guest Medical,Random_Forest,2,200,5,0.025,0.006927395764297711,1.0416666666666667
Guest Medical,Random_Forest,1,200,2,0.01,0.002747710597965279,0.4166666666666667
Liability,Balanced_Logistic_Calibrated,10,200,2,0.01,0.01682907443204003,1.1764705882352942
Liability,Balanced_Logistic_Calibrated,9,200,2,0.01,0.011626904439786763,1.1764705882352942
Liability,Balanced_Logistic_Calibrated,8,200,4,0.02,0.009698071652273278,2.3529411764705883
Liability,Balanced_Logistic_Calibrated,7,200,1,0.005,0.008612412797190752,0.5882352941176471
Liability,Balanced_Logistic_Calibrated,6,200,2,0.01,0.007739709341073695,1.1764705882352942
Liability,Balanced_Logistic_Calibrated,5,200,2,0.01,0.007125729733186382,1.1764705882352942
Liability,Balanced_Logistic_Calibrated,4,200,1,0.005,0.006661487139698855,0.5882352941176471
Liability,Balanced_Logistic_Calibrated,3,200,1,0.005,0.006126793542636578,0.5882352941176471
Liability,Balanced_Logistic_Calibrated,2,200,2,0.01,0.005596754097995336,1.1764705882352942
Liability,Balanced_Logistic_Calibrated,1,200,0,0.0,0.004981390037792282,0.0
Personal Property,Logistic,10,200,36,0.18,0.18855902136888514,1.9672131147540983
Personal Property,Logistic,9,200,27,0.135,0.14347805598009664,1.4754098360655739
Personal Property,Logistic,8,200,12,0.06,0.10297698830828023,0.6557377049180327
Personal Property,Logistic,7,200,14,0.07,0.08904381433177308,0.7650273224043717
Personal Property,Logistic,6,200,16,0.08,0.0822445854779083,0.8743169398907105
Personal Property,Logistic,5,200,16,0.08,0.07804208301914026,0.8743169398907105
Personal Property,Logistic,4,200,19,0.095,0.07403121865131841,1.0382513661202186
Personal Property,Logistic,3,200,16,0.08,0.06934735130527782,0.8743169398907105
Personal Property,Logistic,2,200,15,0.075,0.0626726583847674,0.819672131147541
Personal Property,Logistic,1,200,12,0.06,0.05258699020426461,0.6557377049180327
