Scenario,Year,Projected_Policyholders,Projected_Premium,Projected_Expected_Loss,Projected_Loss_Ratio
Lower_Growth,1,2041.02,2491625.6070503946,1761237.316356211,0.7068627450980395
Lower_Growth,2,2081.8404,2592287.281575231,1850355.9245638351,0.7137927720107652
Lower_Growth,3,2123.4772080000002,2697015.687750871,1943983.9343467655,0.7207907403638119
Base,1,2101.05,2590054.8769944273,1830640.72859412,0.7067961165048545
Base,2,2206.1025,2801144.349469473,1999059.6756247792,0.7136582147233483
Base,3,2316.4076250000003,3029437.6139512355,2182973.165782259,0.7205869352546429
Higher_Growth,1,2161.08,2689921.0705872774,1901049.9873862017,0.7067307692307696
Higher_Growth,2,2333.9664000000002,3021319.3464836306,2155790.6856959523,0.7135262573964497
Higher_Growth,3,2520.6837120000005,3393545.889970414,2444666.63757921,0.7203870867944926
