segment_variable,coverage,segment,records,observed_frequency,predicted_frequency,observed_average_loss,model_expected_loss,coverage_base_expected_loss,model_relativity
sprinklered,Additional Living Expense,No,592,0.0625,0.059324719294719545,509.5782532652027,438.603456388277,286.6219551297827,1.5302507311056368
sprinklered,Additional Living Expense,Yes,1409,0.04187366926898509,0.05014445570683301,198.19046803349895,222.7659943455182,286.6219551297827,0.777211900060655
sprinklered,Guest Medical,No,592,0.018581081081081082,0.024564624723261368,407.7882543969595,549.0459052545218,384.97454861917186,1.4261875420695775
sprinklered,Guest Medical,Yes,1409,0.0248403122782115,0.021940275634447705,312.2472987508871,316.03896087742095,384.97454861917186,0.8209346877890776
sprinklered,Liability,No,592,0.011824324324324325,0.008756282804415982,114.00863425337839,72.25559189757321,65.24914334950267,1.1073799315730624
sprinklered,Liability,Yes,1409,0.007806955287437899,0.00838185124346273,87.87012328885734,62.30534097870228,65.24914334950267,0.9548836625328226
sprinklered,Personal Property,No,592,0.08614864864864864,0.09313143520373549,127.25839009645271,129.74931023202453,100.94092142777406,1.2853985122858587
sprinklered,Personal Property,Yes,1409,0.0908445706174592,0.09494668816345399,80.22473202866573,88.83690001392287,100.94092142777406,0.8800880629714487
greek,Additional Living Expense,Greek,405,0.0962962962962963,0.09053257499293046,832.6047210987655,734.2217218493993,286.6219551297827,2.5616381045092758
greek,Additional Living Expense,Non-greek,1596,0.03571428571428571,0.04330080140430128,152.70412490426065,173.03930755995515,286.6219551297827,0.6037196539309168
greek,Guest Medical,Greek,405,0.0345679012345679,0.03495254843932721,1010.3527560567901,869.5466267046336,384.97454861917186,2.2587119845286567
greek,Guest Medical,Non-greek,1596,0.020050125313283207,0.01961173188419801,170.53522828320803,262.00982955613176,384.97454861917186,0.6805900039259988
greek,Liability,Greek,405,0.022222222222222223,0.010580512164952158,270.3438404148148,92.92271952372319,65.24914334950267,1.4241216781343604
greek,Liability,Non-greek,1596,0.005639097744360902,0.007962807265318061,51.261190365914786,58.22671330529259,65.24914334950267,0.8923751380674088
greek,Personal Property,Greek,405,0.13580246913580246,0.16425394501356952,208.11305693925925,251.1401435194657,100.94092142777406,2.48799139107486
greek,Personal Property,Non-greek,1596,0.07769423558897243,0.07668599344136744,65.21793628138471,62.826457175183116,100.94092142777406,0.6224081996332591
off_campus,Additional Living Expense,Off campus,722,0.045706371191135735,0.059591205564194054,370.26807446260386,406.81327202273104,286.6219551297827,1.4193374399338168
off_campus,Additional Living Expense,On campus,1279,0.04925723221266615,0.049060923765483634,245.18150557482406,218.77353386574148,286.6219551297827,0.763282539771528
off_campus,Guest Medical,Off campus,722,0.019390581717451522,0.03236328443673223,362.10992971052633,671.8983399493732,384.97454861917186,1.7453058711526273
off_campus,Guest Medical,On campus,1279,0.02501954652071931,0.017271160939630083,328.32190875058643,223.00505890814344,384.97454861917186,0.5792722134697444
off_campus,Liability,Off campus,722,0.013850415512465374,0.009545910224338846,172.86105254432135,79.67422682579169,65.24914334950267,1.2210769787278588
off_campus,Liability,On campus,1279,0.006254886630179828,0.007898045848538392,51.99095797888976,57.10613297430278,65.24914334950267,0.8752012676766896
off_campus,Personal Property,Off campus,722,0.09141274238227147,0.10661991515029598,119.37566870013849,144.4285547382525,100.94092142777406,1.4308226306572307
off_campus,Personal Property,On campus,1279,0.08835027365129007,0.08751689954996432,79.8939652572244,76.39199941826236,100.94092142777406,0.7567991091989673
risk_tier,Additional Living Expense,1,942,0.06157112526539278,0.05290653332632822,314.6338178399151,249.30411473406048,286.6219551297827,0.8698011798195129
risk_tier,Additional Living Expense,2,412,0.0412621359223301,0.054486002457705004,237.50730551941746,314.3217471783431,286.6219551297827,1.0966422549033898
risk_tier,Additional Living Expense,3,647,0.03245749613601236,0.051758244988293706,288.5357482426584,323.3160684663568,286.6219551297827,1.1280226887014255
risk_tier,Guest Medical,1,942,0.02335456475583864,0.022835478767632766,298.2881838853503,337.2071277296957,384.97454861917186,0.8759205743319693
risk_tier,Guest Medical,2,412,0.024271844660194174,0.024575621866460187,346.7207905121359,443.7215289840893,384.97454861917186,1.1525996473679399
risk_tier,Guest Medical,3,647,0.021638330757341576,0.021360013905743255,398.0381076228748,417.1123454778127,384.97454861917186,1.0834803157089548
risk_tier,Liability,1,942,0.008492569002123142,0.00834498599896228,100.71045137261146,62.051775743528644,65.24914334950267,0.9509975542690646
risk_tier,Liability,2,412,0.009708737864077669,0.008895937669752404,111.63416232524273,65.66541947458228,65.24914334950267,1.0063797944878732
risk_tier,Liability,3,647,0.00927357032457496,0.008450764592415443,77.9591887496136,69.6392739851978,65.24914334950267,1.0672825789019127
risk_tier,Personal Property,1,942,0.08067940552016985,0.10246142836181872,77.1520991156051,97.00605568350956,100.94092142777406,0.9610181313127798
risk_tier,Personal Property,2,412,0.09466019417475728,0.10051203989974737,97.43826436674756,117.99443107029549,100.94092142777406,1.168945452461752
risk_tier,Personal Property,3,647,0.09891808346213292,0.07880072226798905,116.77244525423492,95.81046943144996,100.94092142777406,0.9491737154391336
class,Additional Living Expense,Freshman,461,0.05422993492407809,0.059034358969325136,228.93633231019524,272.3006366061448,286.6219551297827,0.9500341189245144
class,Additional Living Expense,Grad student,204,0.0392156862745098,0.045176508062076695,572.6380429411764,304.7372588261415,286.6219551297827,1.0632027776384267
class,Additional Living Expense,Junior,412,0.0412621359223301,0.054486002457705004,237.50730551941746,314.3217471783431,286.6219551297827,1.0966422549033898
class,Additional Living Expense,Senior,443,0.029345372460496615,0.0547891125570257,157.70760350564336,331.87154739774263,286.6219551297827,1.1578720382654248
class,Additional Living Expense,Sophomore,481,0.06860706860706861,0.04703350292836236,396.76799835800415,227.26378919761373,286.6219551297827,0.7929043296585863
class,Guest Medical,Freshman,461,0.026030368763557483,0.026497773956237432,307.95397570498915,353.8422073370197,384.97454861917186,0.9191314298729156
class,Guest Medical,Grad student,204,0.0196078431372549,0.02344012867878813,167.58966628431375,540.9298245836017,384.97454861917186,1.4051054193681394
class,Guest Medical,Junior,412,0.024271844660194174,0.024575621866460187,346.7207905121359,443.7215289840893,384.97454861917186,1.1525996473679399
class,Guest Medical,Senior,443,0.022573363431151242,0.020402128096034103,504.1588345598194,360.09481559614017,384.97454861917186,0.9353730444979534
class,Guest Medical,Sophomore,481,0.02079002079002079,0.019325461965248668,289.0242960914761,321.2637354241315,384.97454861917186,0.8345064279611248
class,Liability,Freshman,461,0.004338394793926247,0.009227054011987174,31.499499668112797,71.19560365692747,65.24914334950267,1.091134687785447
class,Liability,Grad student,204,0.0,0.009014849258714345,0.0,76.88932520167451,65.24914334950267,1.1783959337185774
class,Liability,Junior,412,0.009708737864077669,0.008895937669752404,111.63416232524273,65.66541947458228,65.24914334950267,1.0063797944878732
class,Liability,Senior,443,0.013544018058690745,0.008191005513578023,113.8591311986456,66.30064994871644,65.24914334950267,1.01611525523916
class,Liability,Sophomore,481,0.012474012474012475,0.007499594410595385,167.04360882744282,53.28814857496968,65.24914334950267,0.8166873285912012
class,Personal Property,Freshman,461,0.08026030368763558,0.10496037451252324,79.34907483253797,101.3910233018012,100.94092142777406,1.0044590624660505
class,Personal Property,Grad student,204,0.08333333333333333,0.07402600132947944,118.56990923039216,98.74347109985182,100.94092142777406,0.9782303321899575
class,Personal Property,Junior,412,0.09466019417475728,0.10051203989974737,97.43826436674756,117.99443107029549,100.94092142777406,1.168945452461752
class,Personal Property,Senior,443,0.10609480812641084,0.08099946509294607,115.94471917943567,94.45983209430781,100.94092142777406,0.9357932418112149
class,Personal Property,Sophomore,481,0.08108108108108109,0.10006638849596677,75.04647374033264,92.80341520111361,100.94092142777406,0.9193834758831377
study,Additional Living Expense,Business,536,0.04291044776119403,0.05591797603190623,336.4117947817164,279.9023615685358,286.6219551297827,0.976555900757134
study,Additional Living Expense,Humanities,476,0.04831932773109244,0.045120419108600755,349.84745287016807,264.830852975896,286.6219551297827,0.9239726693510981
study,Additional Living Expense,Other,493,0.034482758620689655,0.058776833602379196,166.14196415010144,306.69880375127127,286.6219551297827,1.0700464436243127
study,Additional Living Expense,Science,496,0.06653225806451613,0.05110370624724402,306.79152721169356,294.84046400817886,286.6219551297827,1.0286736892666677
study,Guest Medical,Business,536,0.014925373134328358,0.02236137241374927,179.53313400932836,415.7141962204214,384.97454861917186,1.0798485191073193
study,Guest Medical,Humanities,476,0.031512605042016806,0.02291947270449955,281.74797956344537,373.89961808370623,384.97454861917186,0.9712320448840339
study,Guest Medical,Other,493,0.018255578093306288,0.023064574612914383,422.338316115213,409.0733273567064,384.97454861917186,1.0625983687076772
study,Guest Medical,Science,496,0.028225806451612902,0.022560294959333396,489.5413358810484,338.4312379397513,384.97454861917186,0.8791002915741775
study,Liability,Business,536,0.009328358208955223,0.008868553581739004,91.3124673022388,66.28701903129968,65.24914334950267,1.0159063495475749
study,Liability,Humanities,476,0.012605042016806723,0.008198162336145214,82.89484054201681,65.68959035447746,65.24914334950267,1.0067502342922046
study,Liability,Other,493,0.008113590263691683,0.008722927292580037,84.75625557809332,68.09905448447192,65.24914334950267,1.0436773724323687
study,Liability,Science,496,0.006048387096774193,0.008140069909665449,123.21744883064515,60.872207201617535,65.24914334950267,0.9329196381255096
study,Personal Property,Business,536,0.09328358208955224,0.10556086451978283,94.82851813302238,114.40792138687156,100.94092142777406,1.1334146723510297
study,Personal Property,Humanities,476,0.0861344537815126,0.08518799837845567,76.85992456909663,85.81464192106488,100.94092142777406,0.8501472020192282
study,Personal Property,Other,493,0.08519269776876268,0.08919015270824004,97.8890196403651,98.27217146949496,100.94092142777406,0.9735612681107864
study,Personal Property,Science,496,0.09274193548387097,0.0963968495302565,106.25185054153226,103.5568302917839,100.94092142777406,1.0259152465324144
