segment_variable,coverage,group,records,claims,observed_frequency,frequency_ci_low,frequency_ci_high,observed_pure_premium,pure_premium_ci_low,pure_premium_ci_high,predicted_pure_premium
risk_tier,Additional Living Expense,1,942,58,0.06157112526539278,0.047929706762051084,0.07877383081613497,314.6338178399151,220.28752085118364,417.3957652178078,249.30411473406048
risk_tier,Additional Living Expense,2,412,17,0.0412621359223301,0.025919219206931774,0.06508050681367868,237.50730551941746,119.95922810455097,383.28382799902886,314.32174717834306
risk_tier,Additional Living Expense,3,647,21,0.03245749613601236,0.021325670471277508,0.0491084701315008,288.5357482426584,142.42025371932,473.49097126812137,323.3160684663568
risk_tier,Guest Medical,1,942,22,0.02335456475583864,0.015472836470498973,0.035108007046705705,298.2881838853503,141.91839840245754,494.37270047881634,337.2071277296957
risk_tier,Guest Medical,2,412,10,0.024271844660194174,0.013236379337159723,0.04409666986939926,346.7207905121359,122.8327608039442,633.6327391633494,443.7215289840893
risk_tier,Guest Medical,3,647,14,0.021638330757341576,0.012932493975059684,0.035991031699518464,398.0381076228748,100.8537018278207,839.5039513617844,417.1123454778128
risk_tier,Liability,1,942,8,0.008492569002123142,0.004309478990321902,0.016668094614278917,100.71045137261146,26.857559554458597,193.35839233516452,62.051775743528644
risk_tier,Liability,2,412,4,0.009708737864077669,0.0037818335441660647,0.024694064107491656,111.63416232524273,11.345620514563107,254.35800007281554,65.66541947458228
risk_tier,Liability,3,647,6,0.00927357032457496,0.004256894425586239,0.020083071331048856,77.95918874961359,16.563413353941268,155.71021819717924,69.63927398519782
risk_tier,Personal Property,1,942,76,0.08067940552016985,0.06494292454333166,0.09982196006534509,77.1520991156051,56.67230196302814,98.29161381345541,97.00605568350956
risk_tier,Personal Property,2,412,39,0.09466019417475728,0.07001984313325411,0.12678943858866099,97.43826436674756,61.56374991554005,140.1483151669841,117.99443107029548
risk_tier,Personal Property,3,647,64,0.09891808346213292,0.07822687049134494,0.12434390467037729,116.77244525423494,85.04611281788601,152.3299838291267,95.81046943144996
off_campus,Additional Living Expense,Off campus,722,33,0.045706371191135735,0.03272816696619931,0.06349320200074915,370.26807446260386,219.44357837375344,549.0934751328947,406.81327202273104
off_campus,Additional Living Expense,On campus,1279,63,0.04925723221266615,0.03868822160166254,0.06252573428346792,245.18150557482406,176.0774721036552,322.3420905607896,218.77353386574146
off_campus,Guest Medical,Off campus,722,14,0.019390581717451522,0.011585109214073373,0.0322832292966922,362.10992971052633,105.2354751611358,731.8063618915373,671.8983399493733
off_campus,Guest Medical,On campus,1279,32,0.02501954652071931,0.01777761406810769,0.03510612955759352,328.32190875058643,186.00019662275216,513.3549245849688,223.00505890814338
off_campus,Liability,Off campus,722,10,0.013850415512465374,0.007540372525082268,0.02530627536332903,172.86105254432135,63.10768730872584,313.79933156274234,79.67422682579169
off_campus,Liability,On campus,1279,8,0.006254886630179828,0.003172803511626572,0.012294001590645552,51.990957978889746,16.84567617376857,93.24603938762698,57.10613297430278
off_campus,Personal Property,Off campus,722,66,0.09141274238227147,0.07249801936292113,0.11465229723845019,119.37566870013852,87.70673365238919,154.604579064626,144.4285547382525
off_campus,Personal Property,On campus,1279,113,0.08835027365129007,0.07400382225064334,0.10516208889163103,79.8939652572244,62.56902963307056,98.5834572968745,76.39199941826236
sprinklered,Additional Living Expense,No,592,37,0.0625,0.0456809455126424,0.08496028072018819,509.57825326520265,322.8307398601774,743.5822413437915,438.603456388277
sprinklered,Additional Living Expense,Yes,1409,59,0.04187366926898509,0.03260088544698482,0.05363770704335433,198.19046803349895,141.1764363308304,261.37822756900283,222.7659943455182
sprinklered,Guest Medical,No,592,11,0.018581081081081082,0.01040646620593113,0.03296322289197128,407.78825439695953,97.8494059169764,893.1904143255912,549.0459052545218
sprinklered,Guest Medical,Yes,1409,35,0.0248403122782115,0.01791451509710688,0.03434998943005356,312.2472987508872,173.3949018606281,463.4578994746983,316.03896087742095
sprinklered,Liability,No,592,7,0.011824324324324325,0.005739258536783785,0.024204040232668134,114.00863425337839,28.9692262815034,225.87420835447634,72.25559189757321
sprinklered,Liability,Yes,1409,11,0.007806955287437899,0.004364831695649568,0.013925584868332154,87.87012328885734,34.803350537366924,160.34562728864432,62.30534097870228
sprinklered,Personal Property,No,592,51,0.08614864864864864,0.0661302039199182,0.11150338846248911,127.25839009645269,87.88104899328549,170.8862247477238,129.74931023202456
sprinklered,Personal Property,Yes,1409,128,0.0908445706174592,0.07693035593235084,0.10698373945212711,80.22473202866573,63.830072563311035,97.09529715269339,88.83690001392287
